playerId,playerName,shirtNo,position,team,teamId,venue,isFirstEleven,subbedInExpandedMinute,subbedOutExpandedMinute,height,weight,age,totalSaves_57,parriedSafe_57,claimsHigh_20,possession_0,possession_8,possession_10,possession_12,possession_13,possession_15,possession_17,possession_20,possession_23,possession_29,possession_42,possession_44,possession_45,possession_47,possession_51,possession_58,possession_59,possession_66,possession_68,possession_80,possession_83,possession_88,possession_91,possession_92,possession_98,possession_99,possession_100,possession_101,ratings_0,ratings_1,ratings_8,ratings_10,ratings_12,ratings_13,ratings_15,ratings_17,ratings_20,ratings_23,ratings_29,ratings_42,ratings_44,ratings_45,ratings_47,ratings_51,ratings_57,ratings_58,ratings_59,ratings_66,ratings_68,ratings_80,ratings_82,ratings_83,ratings_87,ratings_88,ratings_91,ratings_92,ratings_98,ratings_99,ratings_100,ratings_101,clearances_82,touches_0,touches_8,touches_10,touches_12,touches_13,touches_15,touches_17,touches_20,touches_23,touches_29,touches_42,touches_44,touches_45,touches_47,touches_51,touches_57,touches_58,touches_59,touches_66,touches_68,touches_80,touches_82,touches_83,touches_88,touches_91,touches_92,touches_98,touches_99,touches_100,touches_101,passesTotal_8,passesTotal_10,passesTotal_13,passesTotal_15,passesTotal_29,passesTotal_42,passesTotal_44,passesTotal_45,passesTotal_47,passesTotal_59,passesTotal_66,passesTotal_68,passesTotal_80,passesTotal_83,passesTotal_88,passesTotal_92,passesTotal_100,passesTotal_101,passesTotal_0,passesTotal_17,passesTotal_23,passesTotal_51,passesTotal_98,passesAccurate_8,passesAccurate_10,passesAccurate_13,passesAccurate_15,passesAccurate_29,passesAccurate_42,passesAccurate_44,passesAccurate_45,passesAccurate_47,passesAccurate_59,passesAccurate_66,passesAccurate_68,passesAccurate_80,passesAccurate_83,passesAccurate_88,passesAccurate_92,passesAccurate_100,passesAccurate_101,passSuccess_8,passSuccess_10,passSuccess_13,passSuccess_15,passSuccess_29,passSuccess_42,passSuccess_44,passSuccess_45,passSuccess_47,passSuccess_59,passSuccess_66,passSuccess_68,passSuccess_80,passSuccess_83,passSuccess_88,passSuccess_92,passSuccess_100,passSuccess_101,passSuccess_0,passSuccess_17,passSuccess_23,passSuccess_51,passSuccess_98,tacklesTotal_17,tackleSuccessful_17,tackleSuccess_17,possession_22,possession_32,possession_36,possession_37,possession_41,possession_43,possession_46,possession_52,possession_53,possession_65,possession_78,possession_79,possession_81,possession_84,possession_87,possession_90,possession_93,ratings_6,ratings_16,ratings_22,ratings_32,ratings_36,ratings_37,ratings_41,ratings_43,ratings_46,ratings_52,ratings_53,ratings_65,ratings_67,ratings_73,ratings_78,ratings_79,ratings_81,ratings_84,ratings_90,ratings_93,clearances_67,clearances_73,interceptions_13,interceptions_78,touches_6,touches_16,touches_22,touches_32,touches_35,touches_36,touches_37,touches_39,touches_41,touches_43,touches_46,touches_52,touches_53,touches_65,touches_67,touches_73,touches_78,touches_79,touches_81,touches_84,touches_87,touches_90,touches_93,passesTotal_32,passesTotal_36,passesTotal_37,passesTotal_41,passesTotal_43,passesTotal_46,passesTotal_52,passesTotal_53,passesTotal_65,passesTotal_79,passesTotal_81,passesTotal_84,passesTotal_87,passesTotal_90,passesTotal_91,passesTotal_93,passesTotal_22,passesTotal_58,passesTotal_78,passesAccurate_0,passesAccurate_32,passesAccurate_36,passesAccurate_37,passesAccurate_41,passesAccurate_43,passesAccurate_46,passesAccurate_51,passesAccurate_52,passesAccurate_53,passesAccurate_65,passesAccurate_79,passesAccurate_81,passesAccurate_84,passesAccurate_87,passesAccurate_90,passesAccurate_91,passesAccurate_93,passSuccess_32,passSuccess_36,passSuccess_37,passSuccess_41,passSuccess_43,passSuccess_46,passSuccess_52,passSuccess_53,passSuccess_65,passSuccess_79,passSuccess_81,passSuccess_84,passSuccess_87,passSuccess_90,passSuccess_91,passSuccess_93,passSuccess_22,passSuccess_58,passSuccess_78,throwInsTotal_35,throwInsTotal_39,throwInsTotal_44,throwInsTotal_46,throwInsTotal_78,throwInsAccurate_35,throwInsAccurate_44,throwInsAccurate_46,throwInsAccurate_78,tacklesTotal_6,tackleSuccessful_6,tackleSuccess_6,dribblesAttempted_16,dribblesLost_16,possession_6,possession_9,possession_16,possession_21,possession_30,possession_31,possession_35,possession_48,possession_49,possession_95,ratings_9,ratings_19,ratings_21,ratings_30,ratings_31,ratings_35,ratings_38,ratings_48,ratings_49,ratings_56,ratings_95,ratings_96,clearances_19,clearances_49,clearances_56,clearances_66,touches_9,touches_19,touches_21,touches_30,touches_31,touches_33,touches_48,touches_49,touches_56,touches_95,touches_96,passesTotal_6,passesTotal_9,passesTotal_16,passesTotal_21,passesTotal_30,passesTotal_31,passesTotal_35,passesTotal_48,passesTotal_49,passesTotal_95,passesAccurate_6,passesAccurate_9,passesAccurate_16,passesAccurate_21,passesAccurate_30,passesAccurate_31,passesAccurate_35,passesAccurate_48,passesAccurate_98,passSuccess_6,passSuccess_9,passSuccess_16,passSuccess_21,passSuccess_30,passSuccess_31,passSuccess_35,passSuccess_48,passSuccess_49,passSuccess_95,aerialsTotal_53,aerialsTotal_43,aerialsWon_53,aerialSuccess_43,offensiveAerials_43,offensiveAerials_53,offsidesCaught_38,possession_3,possession_77,possession_89,possession_97,ratings_3,ratings_7,ratings_55,ratings_63,ratings_77,ratings_89,ratings_97,clearances_7,clearances_29,touches_3,touches_7,touches_55,touches_63,touches_77,touches_89,touches_97,passesTotal_20,passesTotal_77,passesTotal_89,passesTotal_3,passesTotal_97,passesAccurate_20,passesAccurate_77,passesAccurate_89,passSuccess_20,passSuccess_77,passSuccess_89,passSuccess_3,passSuccess_97,aerialsTotal_47,offensiveAerials_47,throwInsTotal_100,throwInsAccurate_100,tacklesTotal_58,tacklesTotal_82,tackleSuccessful_58,tackleSuccessful_82,tackleSuccess_58,tackleSuccess_82,possession_2,possession_4,possession_7,possession_27,possession_62,possession_63,possession_69,possession_73,possession_82,ratings_2,ratings_4,ratings_27,ratings_62,ratings_69,ratings_70,ratings_71,clearances_57,interceptions_98,touches_2,touches_4,touches_27,touches_38,touches_62,touches_69,passesTotal_4,passesTotal_7,passesTotal_69,passesTotal_82,passesTotal_2,passesTotal_27,passesTotal_62,passesTotal_63,passesTotal_73,passesTotal_99,passesAccurate_4,passesAccurate_7,passesAccurate_17,passesAccurate_69,passesAccurate_82,passesKey_45,passSuccess_4,passSuccess_7,passSuccess_69,passSuccess_82,passSuccess_2,passSuccess_27,passSuccess_62,passSuccess_63,passSuccess_73,passSuccess_99,throwInsTotal_81,throwInsAccurate_81,foulsCommited_70,tacklesTotal_53,tackleUnsuccesful_53,dribbledPast_53,possession_54,possession_70,ratings_54,ratings_60,ratings_86,shotsTotal_45,shotsOffTarget_45,touches_54,touches_60,touches_70,touches_86,passesTotal_54,passesTotal_70,passesKey_91,passSuccess_54,passSuccess_70,aerialsTotal_10,aerialsTotal_17,aerialsWon_10,aerialSuccess_17,offensiveAerials_10,offensiveAerials_17,cornersAccurate_91,foulsCommited_17,foulsCommited_43,dispossessed_41,possession_60,possession_102,ratings_11,ratings_102,clearances_11,clearances_27,interceptions_51,interceptions_63,touches_11,touches_102,passesTotal_12,passesTotal_60,passesAccurate_2,passesAccurate_12,passesAccurate_23,passesAccurate_58,passesAccurate_60,passesAccurate_97,passSuccess_12,passSuccess_60,foulsCommited_15,foulsCommited_60,tacklesTotal_59,tacklesTotal_86,tacklesTotal_95,tacklesTotal_99,tacklesTotal_2,tacklesTotal_49,tacklesTotal_77,tackleSuccessful_59,tackleSuccessful_86,tackleSuccessful_95,tackleSuccessful_99,tackleSuccessful_2,tackleSuccessful_49,tackleUnsuccesful_77,tackleSuccess_59,tackleSuccess_86,tackleSuccess_95,tackleSuccess_99,tackleSuccess_2,tackleSuccess_49,tackleSuccess_77,dribbledPast_77,dribblesAttempted_46,dribblesLost_46,possession_40,ratings_40,shotsTotal_69,shotsOffTarget_69,interceptions_41,interceptions_65,touches_40,passesTotal_40,passSuccess_40,tacklesTotal_10,tacklesTotal_40,tackleSuccessful_10,tackleUnsuccesful_40,tackleSuccess_10,tackleSuccess_40,dribbledPast_40,dispossessed_10,dispossessed_32,dispossessed_49,possession_28,ratings_28,ratings_34,shotsTotal_46,shotsBlocked_46,clearances_34,interceptions_28,interceptions_62,touches_28,touches_34,passesTotal_28,passesAccurate_40,passSuccess_28,throwInsTotal_47,throwInsTotal_53,throwInsAccurate_53,foulsCommited_2,foulsCommited_23,tacklesTotal_30,tacklesTotal_37,tackleSuccessful_40,tackleSuccessful_30,tackleSuccessful_37,tackleSuccess_30,tackleSuccess_37,ratings_33,shotsTotal_90,shotsTotal_93,shotsBlocked_90,shotsBlocked_93,touches_14,passesAccurate_62,passesKey_69,aerialsTotal_48,aerialsWon_48,offensiveAerials_48,cornersTotal_90,foulsCommited_77,tacklesTotal_33,tacklesTotal_70,tackleSuccessful_33,tackleUnsuccesful_70,tackleSuccess_33,tackleSuccess_70,dribbledPast_70,dribblesWon_62,dribblesAttempted_62,dribbleSuccess_62,dispossessed_84,errors_35,clearances_10,passesKey_46,aerialsTotal_63,aerialsTotal_65,aerialsTotal_67,offensiveAerials_63,offensiveAerials_65,defensiveAerials_67,ratings_76,shotsTotal_91,shotsOffTarget_91,aerialsTotal_100,aerialsTotal_80,aerialsTotal_98,aerialsTotal_101,aerialsWon_100,aerialSuccess_80,aerialSuccess_98,aerialSuccess_101,offensiveAerials_80,offensiveAerials_98,offensiveAerials_100,offensiveAerials_101,tacklesTotal_96,tackleSuccessful_96,tackleSuccess_96,ratings_94,aerialsWon_101,cornersTotal_101,passesAccurate_99,foulsCommited_67,foulsCommited_79,dribblesWon_83,dribblesWon_93,dribblesAttempted_83,dribblesAttempted_93,dribbleSuccess_83,dribbleSuccess_93,dispossessed_83,possession_96,passesTotal_96,passesAccurate_78,passesKey_90,passSuccess_96,tacklesTotal_97,tackleSuccessful_97,tackleUnsuccesful_97,tackleSuccess_97,dribbledPast_97,passesTotal_102,passSuccess_102,foulsCommited_102,possession_39,possession_55,possession_61,possession_86,ratings_39,ratings_61,touches_61,passesTotal_55,passesTotal_61,passesTotal_86,passesTotal_39,passesAccurate_28,passesAccurate_55,passesAccurate_61,passesAccurate_70,passesAccurate_73,passesAccurate_86,passesAccurate_96,passSuccess_55,passSuccess_61,passSuccess_86,passSuccess_39,possession_5,possession_11,possession_14,possession_18,possession_19,possession_33,possession_34,possession_57,possession_67,possession_71,possession_72,possession_85,ratings_5,ratings_14,ratings_18,ratings_72,ratings_85,shotsTotal_37,shotsTotal_67,shotsOffTarget_37,shotsOffTarget_67,clearances_99,interceptions_40,touches_5,touches_18,touches_71,touches_72,touches_85,passesTotal_5,passesTotal_11,passesTotal_14,passesTotal_18,passesTotal_33,passesTotal_34,passesTotal_71,passesTotal_72,passesTotal_85,passesAccurate_3,passesAccurate_5,passesAccurate_11,passesAccurate_14,passesAccurate_18,passesAccurate_27,passesAccurate_33,passesAccurate_34,passesAccurate_63,passesAccurate_71,passesAccurate_72,passesAccurate_85,passesKey_57,passSuccess_5,passSuccess_11,passSuccess_14,passSuccess_18,passSuccess_33,passSuccess_34,passSuccess_71,passSuccess_72,passSuccess_85,cornersTotal_19,cornersAccurate_57,throwInsTotal_3,throwInsTotal_33,throwInsTotal_51,throwInsTotal_58,throwInsTotal_65,throwInsTotal_77,throwInsTotal_86,throwInsTotal_96,throwInsTotal_99,throwInsAccurate_3,throwInsAccurate_33,throwInsAccurate_51,throwInsAccurate_58,throwInsAccurate_65,throwInsAccurate_77,throwInsAccurate_86,throwInsAccurate_96,throwInsAccurate_99,throwInAccuracy_19,tacklesTotal_62,tackleUnsuccesful_62,dribbledPast_62,dribblesWon_70,dribblesAttempted_70,dribblesAttempted_17,dribblesAttempted_86,dribblesLost_17,dribblesLost_86,dribbleSuccess_70,dribbleSuccess_17,dribbleSuccess_86,dispossessed_96,clearances_2,clearances_46,clearances_47,clearances_53,passesTotal_67,passesAccurate_49,passSuccess_67,aerialsWon_47,aerialsWon_67,aerialsWon_80,aerialsWon_98,aerialSuccess_100,offensiveAerials_67,defensiveAerials_47,defensiveAerials_80,defensiveAerials_98,defensiveAerials_100,defensiveAerials_101,foulsCommited_22,errors_69,possession_50,ratings_50,clearances_6,clearances_101,touches_50,passesTotal_50,passesAccurate_50,passesAccurate_95,passSuccess_50,aerialsWon_63,aerialsWon_65,defensiveAerials_63,defensiveAerials_65,clearances_23,passesAccurate_39,aerialsWon_17,aerialSuccess_10,defensiveAerials_10,defensiveAerials_17,throwInsTotal_0,throwInsTotal_6,throwInsTotal_11,throwInsTotal_13,throwInsTotal_16,throwInsTotal_48,throwInsAccurate_0,throwInsAccurate_6,throwInsAccurate_11,throwInsAccurate_13,throwInsAccurate_16,throwInsAccurate_48,foulsCommited_42,tacklesTotal_93,tackleUnsuccesful_93,dribbledPast_93,shotsTotal_29,shotsOffTarget_29,interceptions_91,interceptions_93,passesAccurate_67,passesKey_67,defensiveAerials_48,foulsCommited_31,foulsCommited_37,tacklesTotal_32,tacklesTotal_46,tacklesTotal_83,tackleSuccessful_32,tackleSuccessful_46,tackleSuccessful_83,tackleSuccess_32,tackleSuccess_46,tackleSuccess_83,dribblesAttempted_95,dribblesLost_95,possession_1,shotsTotal_20,shotsBlocked_20,interceptions_17,touches_1,passesTotal_1,passesAccurate_1,passSuccess_1,defensiveAerials_53,throwInsTotal_34,throwInsAccurate_34,foulsCommited_41,tacklesTotal_84,tackleSuccessful_84,tackleSuccess_84,tackleSuccess_62,possession_56,shotsTotal_63,shotsBlocked_63,passesTotal_56,passesAccurate_54,passesAccurate_56,passesKey_1,passesKey_29,passesKey_37,passSuccess_56,cornersTotal_56,cornersAccurate_56,throwInAccuracy_56,foulsCommited_82,dribblesWon_40,dribblesWon_53,dribblesWon_77,dribblesAttempted_40,dribblesAttempted_53,dribblesAttempted_77,dribblesAttempted_33,dribblesLost_33,dribblesLost_40,dribbleSuccess_40,dribbleSuccess_53,dribbleSuccess_77,dribbleSuccess_33,dispossessed_2,dispossessed_37,dispossessed_59,dispossessed_82,passesKey_9,passesKey_63,cornersTotal_10,cornersAccurate_11,throwInAccuracy_10,dribblesAttempted_10,dribblesAttempted_30,dribblesAttempted_49,dribblesLost_10,dribblesLost_30,dribblesLost_49,shotsTotal_35,shotsTotal_57,shotsOnTarget_57,shotsOffTarget_35,passesKey_55,tacklesTotal_16,tackleSuccessful_16,tackleUnsuccesful_83,tackleSuccess_16,dribbledPast_83,dribblesAttempted_6,dribblesAttempted_15,dribblesLost_6,dribblesLost_15,shotsTotal_1,shotsTotal_55,shotsOnTarget_1,shotsBlocked_55,clearances_43,passesKey_35,aerialsWon_43,defensiveAerials_43,cornersTotal_55,tacklesTotal_41,tackleSuccessful_41,tackleSuccess_41,dribblesAttempted_58,dribblesLost_58,shotsTotal_96,shotsTotal_98,shotsOffTarget_98,shotsBlocked_96,passesKey_100,throwInsTotal_95,throwInsAccurate_95,passesKey_95,passesKey_98,clearances_102,foulsCommited_91,shotsTotal_100,shotsOffTarget_100,foulsCommited_89,dribblesWon_97,dribblesAttempted_97,dribblesAttempted_96,dribblesAttempted_99,dribblesLost_96,dribblesLost_97,dribblesLost_99,dribbleSuccess_97,dribbleSuccess_96,dribbleSuccess_99
318896,Angus Gunn,1,GK,Scotland,424,home,True,,,196,77,30,1.0,1.0,1.0,1.0,1.0,1.0,1.0,1.0,1.0,1.0,1.0,1.0,1.0,1.0,2.0,1.0,1.0,1.0,1.0,1.0,1.0,2.0,2.0,2.0,1.0,1.0,2.0,1.0,1.0,2.0,2.0,5.98,5.72,5.73,5.74,5.75,5.75,5.75,6.14,6.25,6.24,6.24,6.24,6.24,6.24,6.25,6.24,6.6,6.61,6.61,6.61,6.62,6.62,6.67,6.68,6.69,6.69,6.7,6.71,6.7,6.71,6.71,6.7,1.0,1.0,1.0,1.0,1.0,1.0,1.0,2.0,2.0,1.0,1.0,1.0,2.0,1.0,1.0,1.0,1.0,1.0,1.0,1.0,2.0,2.0,1.0,2.0,1.0,1.0,2.0,1.0,1.0,2.0,2.0,1.0,1.0,1.0,1.0,1.0,1.0,2.0,1.0,1.0,1.0,1.0,2.0,1.0,1.0,1.0,2.0,2.0,2.0,1.0,1.0,1.0,1.0,1.0,1.0,1.0,1.0,1.0,1.0,1.0,2.0,1.0,1.0,1.0,1.0,2.0,1.0,1.0,1.0,2.0,2.0,1.0,100.0,100.0,100.0,100.0,100.0,100.0,100.0,100.0,100.0,100.0,100.0,100.0,100.0,100.0,100.0,100.0,100.0,50.0,0.0,0.0,0.0,0.0,0.0,1.0,1.0,100.0,,,,,,,,,,,,,,,,,,,,,,,,,,,,,,,,,,,,,,,,,,,,,,,,,,,,,,,,,,,,,,,,,,,,,,,,,,,,,,,,,,,,,,,,,,,,,,,,,,,,,,,,,,,,,,,,,,,,,,,,,,,,,,,,,,,,,,,,,,,,,,,,,,,,,,,,,,,,,,,,,,,,,,,,,,,,,,,,,,,,,,,,,,,,,,,,,,,,,,,,,,,,,,,,,,,,,,,,,,,,,,,,,,,,,,,,,,,,,,,,,,,,,,,,,,,,,,,,,,,,,,,,,,,,,,,,,,,,,,,,,,,,,,,,,,,,,,,,,,,,,,,,,,,,,,,,,,,,,,,,,,,,,,,,,,,,,,,,,,,,,,,,,,,,,,,,,,,,,,,,,,,,,,,,,,,,,,,,,,,,,,,,,,,,,,,,,,,,,,,,,,,,,,,,,,,,,,,,,,,,,,,,,,,,,,,,,,,,,,,,,,,,,,,,,,,,,,,,,,,,,,,,,,,,,,,,,,,,,,,,,,,,,,,,,,,,,,,,,,,,,,,,,,,,,,,,,,,,,,,,,,,,,,,,,,,,,,,,,,,,,,,,,,,,,,,,,,,,,,,,,,,,,,,,,,,,,,,,,,,,,,,,,,,,,,,,,,,,,,,,,,,,,,,,,,,,,,,,,,,,,,,,,,,,,,,,,,,,,,,,,,,,,,,,,,,,,,,,,,,,,,,,,,,,,,,,,,,,,,,,,,,,,,,,,,,,,,,,,,,,,,,,,,,,,,,,,,,,,,,,,,,,,,,,,,,,,,,,,,,,,,,,,,,,,,,,,,,,,,,,,,,,,,,,,,,,,,,,,,,,,,,,,,,,,,,,,,,,,,,
396975,Nathan Patterson,22,DR,Scotland,424,home,True,,94.0,183,72,24,,,,1.0,,,,,3.0,1.0,,,,,,1.0,1.0,1.0,1.0,1.0,1.0,,,,,1.0,1.0,,,,,6.01,5.84,,,,6.02,6.03,6.01,,,,,,6.1,6.1,6.1,,6.09,6.09,6.09,,,,,6.28,,6.29,6.29,,,,,,1.0,,,,1.0,3.0,1.0,,,,,1.0,1.0,1.0,1.0,,1.0,1.0,1.0,,,,,,1.0,1.0,,,,,,,,3.0,,,,,1.0,1.0,1.0,,,,,1.0,,,1.0,1.0,,1.0,,,,,3.0,,,,,1.0,1.0,1.0,,,,,1.0,,,,,,100.0,,,,,100.0,100.0,100.0,,,,,100.0,,,100.0,0.0,,100.0,,,,,1.0,1.0,1.0,1.0,1.0,1.0,1.0,1.0,2.0,1.0,1.0,1.0,2.0,1.0,1.0,1.0,2.0,5.92,6.02,6.0,6.0,6.01,6.01,6.01,6.01,6.1,6.1,6.1,6.09,6.14,6.19,6.28,6.28,6.27,6.27,6.29,6.3,1.0,1.0,1.0,1.0,1.0,2.0,1.0,1.0,1.0,1.0,1.0,1.0,1.0,1.0,2.0,1.0,2.0,1.0,1.0,1.0,3.0,1.0,2.0,1.0,1.0,1.0,2.0,1.0,1.0,1.0,1.0,1.0,1.0,1.0,2.0,1.0,1.0,2.0,1.0,1.0,1.0,1.0,2.0,1.0,1.0,1.0,1.0,1.0,1.0,1.0,1.0,1.0,1.0,1.0,1.0,1.0,1.0,1.0,1.0,1.0,1.0,1.0,1.0,2.0,100.0,100.0,100.0,100.0,100.0,100.0,100.0,50.0,100.0,100.0,50.0,100.0,100.0,100.0,100.0,100.0,0.0,0.0,0.0,1.0,1.0,1.0,1.0,1.0,1.0,1.0,1.0,1.0,1.0,1.0,100.0,1.0,1.0,,,,,,,,,,,,,,,,,,,,,,,,,,,,,,,,,,,,,,,,,,,,,,,,,,,,,,,,,,,,,,,,,,,,,,,,,,,,,,,,,,,,,,,,,,,,,,,,,,,,,,,,,,,,,,,,,,,,,,,,,,,,,,,,,,,,,,,,,,,,,,,,,,,,,,,,,,,,,,,,,,,,,,,,,,,,,,,,,,,,,,,,,,,,,,,,,,,,,,,,,,,,,,,,,,,,,,,,,,,,,,,,,,,,,,,,,,,,,,,,,,,,,,,,,,,,,,,,,,,,,,,,,,,,,,,,,,,,,,,,,,,,,,,,,,,,,,,,,,,,,,,,,,,,,,,,,,,,,,,,,,,,,,,,,,,,,,,,,,,,,,,,,,,,,,,,,,,,,,,,,,,,,,,,,,,,,,,,,,,,,,,,,,,,,,,,,,,,,,,,,,,,,,,,,,,,,,,,,,,,,,,,,,,,,,,,,,,,,,,,,,,,,,,,,,,,,,,,,,,,,,,,,,,,,,,,,,,,,,,,,,,,,,,,,,,,,,,,,,,,,,,,,,,,,,,,,,,,,,,,,,,,,,,,,,,,,,,,,,,,,,,,,,,,,,,,,,,,,,,,,,,,,,,,,,,,,,,,,,,,,,,,,,,,,,,,,,,,,,,,,,,,,,,,,,,,,,,,,,,,,,,,,,,,,,,,,,,,,,,,,,,,,,,,,,,,,,,,,,,,,,,,,
86593,Grant Hanley,5,DC,Scotland,424,home,True,,,188,85,34,,,,,,,,2.0,,,,,,2.0,1.0,2.0,,2.0,,2.0,3.0,1.0,1.0,,2.0,,,1.0,,3.0,,6.0,5.8,,,,5.82,,,,,,5.92,5.91,5.91,,5.97,,,6.11,6.17,6.17,6.16,,,6.17,6.18,,,6.25,,6.28,,,,,,,2.0,,,,,,2.0,1.0,2.0,,2.0,,,2.0,5.0,1.0,1.0,,,2.0,,,1.0,,3.0,,,,2.0,,,2.0,1.0,2.0,,2.0,3.0,1.0,1.0,,2.0,,3.0,,,,,2.0,1.0,,,2.0,,,2.0,1.0,2.0,,2.0,3.0,1.0,1.0,,2.0,,3.0,,,,100.0,,,100.0,100.0,100.0,,100.0,100.0,100.0,100.0,,100.0,,100.0,,,,,100.0,100.0,,,,,,1.0,1.0,2.0,,,4.0,1.0,,,2.0,1.0,1.0,1.0,2.0,,5.8,5.83,,,5.92,5.92,5.91,5.9,,5.98,6.06,,,,,6.16,6.16,6.17,6.18,,,,,,1.0,1.0,,,1.0,1.0,1.0,,2.0,,,4.0,1.0,,,,,2.0,1.0,1.0,1.0,2.0,,,1.0,1.0,2.0,,,4.0,1.0,,2.0,1.0,1.0,1.0,2.0,,,,,,,,1.0,1.0,2.0,,,2.0,4.0,,,1.0,1.0,1.0,1.0,2.0,,,,100.0,100.0,100.0,,,100.0,0.0,,50.0,100.0,100.0,100.0,100.0,,,,,,,,,,,,,,,,,,,,1.0,3.0,1.0,3.0,1.0,3.0,1.0,1.0,1.0,1.0,5.81,5.88,5.88,5.9,5.91,5.92,5.91,5.91,5.95,6.11,6.17,6.25,1.0,1.0,1.0,1.0,3.0,1.0,3.0,1.0,3.0,2.0,1.0,2.0,1.0,1.0,1.0,1.0,3.0,1.0,3.0,1.0,3.0,1.0,1.0,1.0,1.0,1.0,3.0,1.0,3.0,1.0,3.0,1.0,1.0,1.0,100.0,100.0,100.0,100.0,100.0,100.0,100.0,100.0,0.0,0.0,1.0,1.0,1.0,0.0,1.0,1.0,1.0,,,,,,,,,,,,,,,,,,,,,,,,,,,,,,,,,,,,,,,,,,,,,,,,,,,,,,,,,,,,,,,,,,,,,,,,,,,,,,,,,,,,,,,,,,,,,,,,,,,,,,,,,,,,,,,,,,,,,,,,,,,,,,,,,,,,,,,,,,,,,,,,,,,,,,,,,,,,,,,,,,,,,,,,,,,,,,,,,,,,,,,,,,,,,,,,,,,,,,,,,,,,,,,,,,,,,,,,,,,,,,,,,,,,,,,,,,,,,,,,,,,,,,,,,,,,,,,,,,,,,,,,,,,,,,,,,,,,,,,,,,,,,,,,,,,,,,,,,,,,,,,,,,,,,,,,,,,,,,,,,,,,,,,,,,,,,,,,,,,,,,,,,,,,,,,,,,,,,,,,,,,,,,,,,,,,,,,,,,,,,,,,,,,,,,,,,,,,,,,,,,,,,,,,,,,,,,,,,,,,,,,,,,,,,,,,,,,,,,,,,,,,,,,,,,,,,,,,,,,,,,,,,,,,,,,,,,,,,,,,,,,,,,,,,,,,,,,,,,,,,,,,,,,,,,,,,,,,,,,,,,,,,,,,,,,,,,,,,,,,,,,,,,,,,,,,,,,,,,,,,,,,,,,,,,,,,,,,,,,,,,,,,,,,,,,,
280210,Jack Hendry,13,DC,Scotland,424,home,True,,,192,86,31,,,,,1.0,,,1.0,,,3.0,,1.0,1.0,1.0,3.0,,4.0,,4.0,2.0,3.0,2.0,2.0,4.0,,1.0,,,1.0,,6.0,5.8,5.84,,,5.84,,,5.85,,5.91,5.93,5.93,5.94,5.92,5.92,,6.15,6.16,6.3,6.3,6.3,6.44,6.44,6.45,6.46,,6.47,,,6.47,,,,1.0,,,1.0,,,3.0,,2.0,1.0,1.0,3.0,1.0,4.0,,1.0,4.0,3.0,3.0,2.0,1.0,2.0,4.0,,1.0,,,2.0,,1.0,,1.0,,1.0,1.0,1.0,3.0,,4.0,2.0,3.0,2.0,2.0,4.0,1.0,1.0,,,,,4.0,,1.0,,1.0,,1.0,1.0,1.0,3.0,,4.0,2.0,2.0,2.0,2.0,4.0,1.0,1.0,,100.0,,100.0,,100.0,100.0,100.0,100.0,,100.0,100.0,66.67,100.0,100.0,100.0,100.0,100.0,,,,,100.0,,,,,,,1.0,1.0,1.0,,,4.0,,1.0,,2.0,2.0,1.0,2.0,2.0,1.0,,,,,5.92,5.93,5.93,,,5.93,,6.25,,,,6.3,6.31,6.45,6.46,6.47,,,,,,,,,1.0,1.0,1.0,,1.0,,,4.0,,1.0,,,,2.0,2.0,1.0,2.0,2.0,1.0,,1.0,1.0,1.0,,,4.0,,1.0,2.0,2.0,1.0,2.0,2.0,,1.0,,,,,,1.0,1.0,1.0,,,4.0,4.0,,1.0,2.0,2.0,1.0,2.0,2.0,,1.0,,100.0,100.0,100.0,,,100.0,,100.0,100.0,100.0,100.0,100.0,100.0,,100.0,,,,,,,,,,,,,,,,,,,3.0,,5.0,2.0,4.0,1.0,2.0,,,5.84,,5.86,5.91,5.92,5.92,,5.91,,,,6.48,,,,1.0,3.0,,5.0,2.0,4.0,,2.0,,,,,,3.0,,5.0,2.0,4.0,1.0,2.0,,,,3.0,,5.0,2.0,4.0,1.0,1.0,,,100.0,,100.0,100.0,100.0,100.0,50.0,,,,,,,,,,1.0,2.0,1.0,1.0,5.79,5.84,6.02,6.24,6.3,6.46,6.47,1.0,1.0,1.0,1.0,1.0,1.0,2.0,1.0,1.0,3.0,2.0,1.0,1.0,1.0,3.0,1.0,1.0,100.0,50.0,100.0,0.0,0.0,1.0,1.0,1.0,1.0,1.0,1.0,1.0,1.0,100.0,100.0,,,,,,,,,,,,,,,,,,,,,,,,,,,,,,,,,,,,,,,,,,,,,,,,,,,,,,,,,,,,,,,,,,,,,,,,,,,,,,,,,,,,,,,,,,,,,,,,,,,,,,,,,,,,,,,,,,,,,,,,,,,,,,,,,,,,,,,,,,,,,,,,,,,,,,,,,,,,,,,,,,,,,,,,,,,,,,,,,,,,,,,,,,,,,,,,,,,,,,,,,,,,,,,,,,,,,,,,,,,,,,,,,,,,,,,,,,,,,,,,,,,,,,,,,,,,,,,,,,,,,,,,,,,,,,,,,,,,,,,,,,,,,,,,,,,,,,,,,,,,,,,,,,,,,,,,,,,,,,,,,,,,,,,,,,,,,,,,,,,,,,,,,,,,,,,,,,,,,,,,,,,,,,,,,,,,,,,,,,,,,,,,,,,,,,,,,,,,,,,,,,,,,,,,,,,,,,,,,,,,,,,,,,,,,,,,,,,,,,,,,,,,,,,,,,,,,,,,,,,,,,,,,,,,,,,,,,,,,,,,,,,,,,,,,,,,,,,,,,,,,,,,,,,,,,,,,,,,,,,,,,,,,,,,,,,,,,,,,,,,,,,,,,,,,
115726,Andy Robertson,3,DL,Scotland,424,home,True,,,178,64,32,,,,,,,,,2.0,3.0,2.0,,1.0,1.0,,2.0,,1.0,,2.0,2.0,,1.0,1.0,1.0,1.0,1.0,1.0,1.0,,,6.0,5.83,,,,,5.87,5.87,5.88,,5.87,5.87,,6.14,,6.15,6.16,,6.18,6.16,,6.04,6.04,6.04,6.05,6.05,6.06,6.07,6.16,6.16,,,,,,,,,2.0,3.0,2.0,,1.0,1.0,,2.0,,1.0,1.0,,2.0,2.0,,1.0,1.0,1.0,1.0,1.0,1.0,2.0,2.0,,,,,,2.0,1.0,1.0,,1.0,,2.0,2.0,,1.0,1.0,1.0,1.0,,,,3.0,,1.0,1.0,,,,2.0,1.0,,,1.0,,2.0,2.0,,,1.0,1.0,1.0,,,,,,100.0,100.0,0.0,,100.0,,100.0,100.0,,0.0,100.0,100.0,100.0,,,,100.0,,100.0,100.0,,,,,,,1.0,1.0,,,1.0,2.0,,,,2.0,,4.0,1.0,,,5.87,,,,5.88,5.88,,,6.15,6.11,,,6.05,,,6.04,,6.06,,,,,,,1.0,,,1.0,,1.0,,1.0,,,1.0,2.0,,,1.0,,,3.0,,4.0,1.0,,,,1.0,1.0,,,1.0,1.0,,,2.0,,4.0,1.0,1.0,,,,,,,,1.0,1.0,,,1.0,1.0,1.0,,,1.0,,4.0,1.0,1.0,,,,100.0,100.0,,,100.0,100.0,,,50.0,,100.0,100.0,100.0,,,,,,,,,,,,,,,,,,,,2.0,1.0,6.0,2.0,3.0,1.0,3.0,,,5.85,,5.89,5.87,5.87,5.87,,6.15,,,,,,,,,2.0,,6.0,2.0,3.0,,3.0,,,,,,2.0,1.0,6.0,2.0,3.0,1.0,3.0,,,,2.0,1.0,6.0,1.0,3.0,1.0,3.0,1.0,,100.0,100.0,100.0,50.0,100.0,100.0,100.0,,,,,,,,,,,,1.0,1.0,,5.84,,6.16,,6.05,6.06,,,,1.0,,1.0,,1.0,1.0,2.0,,1.0,,1.0,2.0,,1.0,100.0,,100.0,,0.0,,,,,,,,,,,1.0,1.0,1.0,1.0,1.0,1.0,1.0,1.0,1.0,5.82,5.83,5.87,6.16,6.17,6.16,6.06,1.0,1.0,1.0,1.0,1.0,1.0,1.0,1.0,1.0,1.0,1.0,1.0,1.0,1.0,1.0,1.0,1.0,1.0,1.0,1.0,3.0,1.0,1.0,1.0,100.0,100.0,100.0,100.0,0.0,0.0,0.0,0.0,0.0,0.0,1.0,1.0,1.0,1.0,1.0,1.0,,,,,,,,,,,,,,,,,,,,,,,,,,,,,,,,,,,,,,,,,,,,,,,,,,,,,,,,,,,,,,,,,,,,,,,,,,,,,,,,,,,,,,,,,,,,,,,,,,,,,,,,,,,,,,,,,,,,,,,,,,,,,,,,,,,,,,,,,,,,,,,,,,,,,,,,,,,,,,,,,,,,,,,,,,,,,,,,,,,,,,,,,,,,,,,,,,,,,,,,,,,,,,,,,,,,,,,,,,,,,,,,,,,,,,,,,,,,,,,,,,,,,,,,,,,,,,,,,,,,,,,,,,,,,,,,,,,,,,,,,,,,,,,,,,,,,,,,,,,,,,,,,,,,,,,,,,,,,,,,,,,,,,,,,,,,,,,,,,,,,,,,,,,,,,,,,,,,,,,,,,,,,,,,,,,,,,,,,,,,,,,,,,,,,,,,,,,,,,,,,,,,,,,,,,,,,,,,,,,,,,,,,,,,,,,,,,,,,,,,,,,,,,,,,,,,,,,,,,,,,,,,,,,,,,,,,,,,,,,,,,,,,,,,,,,,,
318449,John McGinn,7,MR,Scotland,424,home,True,,94.0,178,68,31,,,,,1.0,1.0,,,1.0,,,,,,,,,,,,,,,,,1.0,1.0,,,,,6.0,5.88,5.88,5.97,,,5.97,5.94,,,,5.91,,5.7,,,,,,,,,5.67,,5.61,,5.78,5.77,,,,,,,1.0,1.0,,,1.0,,,,,1.0,,1.0,,,,,,,,,1.0,,,1.0,1.0,,,,,1.0,1.0,,1.0,,,,,,,,,,,,,,,,,,,,,1.0,,1.0,,,,,,,,,,,,,,,0.0,100.0,,100.0,,,,,,,,,,,,,,,,,,,,,,,,,,,,,1.0,1.0,,,,,1.0,,1.0,,,5.89,5.98,,,,,5.88,5.86,5.7,5.7,,,,,,,5.64,5.64,,,,,,,1.0,1.0,,,,,,,2.0,1.0,1.0,1.0,,,,,,,1.0,1.0,1.0,,,,,,,,1.0,1.0,,,,1.0,,1.0,,,,,,,,,,,,,1.0,,1.0,,,,1.0,,1.0,,,,,,,,,100.0,100.0,,,,100.0,,100.0,,,,,,,,,,,,,,,,,,,,,1.0,,1.0,,,2.0,,,,,,,,5.91,5.91,,,,,,,,,,,,,,,1.0,2.0,,,,,,,1.0,,1.0,,,2.0,,,,,1.0,,1.0,,,2.0,,,,100.0,,100.0,,,100.0,,,,,,,,,,,,,,,,,,,,,,,,,,,,,,,,,,,,,,,,,,,,,,,,,,,,,,,,1.0,,,,,,,,,5.88,,,,5.63,,,,,1.0,,,,1.0,1.0,,,,,,,,,,,,,,,,0.0,,,,,,,,,,,,,,,,1.0,1.0,5.67,5.64,5.61,1.0,1.0,2.0,1.0,1.0,1.0,1.0,1.0,1.0,0.0,0.0,1.0,1.0,1.0,0.0,1.0,1.0,1.0,1.0,1.0,1.0,,,,,,,,,,,,,,,,,,,,,,,,,,,,,,,,,,,,,,,,,,,,,,,,,,,,,,,,,,,,,,,,,,,,,,,,,,,,,,,,,,,,,,,,,,,,,,,,,,,,,,,,,,,,,,,,,,,,,,,,,,,,,,,,,,,,,,,,,,,,,,,,,,,,,,,,,,,,,,,,,,,,,,,,,,,,,,,,,,,,,,,,,,,,,,,,,,,,,,,,,,,,,,,,,,,,,,,,,,,,,,,,,,,,,,,,,,,,,,,,,,,,,,,,,,,,,,,,,,,,,,,,,,,,,,,,,,,,,,,,,,,,,,,,,,,,,,,,,,,,,,,,,,,,,,,,,,,,,,,,,,,,,,,,,,,,,,,,,,,,,,,,,,,,,,,,,,,,,,,,,,,,,,,,,,,,,,,,,,,,,,,,,,,,,,,,,,,,,,,,,,,,,,,,,,,,,,,,,,,,,,,,,,,,,,,,,,,,,,,,,,,,,,,,,,,,,,,,,,,,,,,,,,,
396971,Lewis Ferguson,19,MC,Scotland,424,home,True,,,181,73,26,,,,,,1.0,2.0,,1.0,4.0,3.0,2.0,,,1.0,2.0,1.0,2.0,1.0,3.0,2.0,1.0,,2.0,1.0,,2.0,1.0,,1.0,1.0,6.0,5.87,,5.96,6.01,,5.99,6.01,6.02,6.03,,,6.13,6.13,6.12,6.38,,6.4,6.54,6.59,6.58,,,6.55,6.69,6.7,6.76,6.77,6.91,7.04,7.04,7.04,,,,1.0,2.0,,1.0,4.0,3.0,2.0,,,1.0,2.0,1.0,3.0,,1.0,4.0,2.0,1.0,,,2.0,1.0,1.0,2.0,1.0,2.0,1.0,1.0,,1.0,,1.0,,,1.0,2.0,1.0,3.0,2.0,1.0,,2.0,1.0,2.0,1.0,1.0,,4.0,2.0,2.0,1.0,,1.0,,1.0,,,1.0,2.0,1.0,3.0,2.0,,,2.0,1.0,2.0,1.0,1.0,,100.0,,100.0,,,100.0,100.0,100.0,100.0,100.0,0.0,,100.0,100.0,100.0,100.0,100.0,,100.0,100.0,50.0,0.0,,,,,,1.0,,1.0,2.0,,4.0,1.0,1.0,,,1.0,,2.0,,4.0,,6.0,,,6.13,,6.13,6.12,6.11,6.39,6.39,6.59,,,,,6.55,,,6.78,,,,,,1.0,,,1.0,1.0,,,1.0,2.0,1.0,4.0,1.0,1.0,,,,,1.0,1.0,2.0,,4.0,,1.0,,1.0,1.0,,4.0,1.0,1.0,,1.0,,2.0,,,4.0,,1.0,,,,1.0,,1.0,1.0,,1.0,4.0,1.0,,,1.0,,2.0,,,4.0,,100.0,,100.0,100.0,,100.0,100.0,0.0,,100.0,,100.0,,,100.0,,100.0,,,,,,,,,,,,,,,,,1.0,1.0,3.0,,4.0,1.0,3.0,,,5.95,,6.02,,6.12,6.13,,6.12,6.28,,6.91,,,,,,1.0,,3.0,,5.0,,3.0,2.0,,1.0,,,1.0,1.0,3.0,,4.0,1.0,3.0,,,,1.0,1.0,3.0,,4.0,1.0,2.0,,,100.0,100.0,100.0,,100.0,100.0,66.67,,,,,,,,,,,,,1.0,,,,6.6,6.55,6.73,6.91,,,,,,1.0,,1.0,1.0,3.0,,,,1.0,3.0,,,100.0,,,,100.0,,,,,,,,,,,1.0,,,,,,,,,5.95,,6.08,,,,,,,2.0,,1.0,,,,,,,,1.0,,,,,,,,4.0,,,,,,,,100.0,,,,,,,,,,,,,,,6.5,6.68,,,,2.0,,1.0,,,,,,,,,,,,,,,,1.0,1.0,6.01,7.04,1.0,1.0,1.0,1.0,1.0,1.0,2.0,1.0,1.0,2.0,2.0,1.0,1.0,1.0,100.0,100.0,1.0,1.0,1.0,1.0,1.0,1.0,1.0,2.0,1.0,1.0,1.0,1.0,1.0,1.0,2.0,1.0,100.0,100.0,100.0,100.0,100.0,100.0,0.0,1.0,1.0,1.0,,,,,,,,,,,,,,,,,,,,,,,,,,,,,,,,,,,,,,,,,,,,,,,,,,,,,,,,,,,,,,,,,,,,,,,,,,,,,,,,,,,,,,,,,,,,,,,,,,,,,,,,,,,,,,,,,,,,,,,,,,,,,,,,,,,,,,,,,,,,,,,,,,,,,,,,,,,,,,,,,,,,,,,,,,,,,,,,,,,,,,,,,,,,,,,,,,,,,,,,,,,,,,,,,,,,,,,,,,,,,,,,,,,,,,,,,,,,,,,,,,,,,,,,,,,,,,,,,,,,,,,,,,,,,,,,,,,,,,,,,,,,,,,,,,,,,,,,,,,,,,,,,,,,,,,,,,,,,,,,,,,,,,,,,,,,,,,,,,,,,,,,,,,,,,,,,,,,,,,,,,,,,,,,,,,,,,,,,,,,,,,,,,,,,,,,,,,,,,,,,,,,,,,,,,,,,,,,,,,,,
128882,Ryan Christie,11,MC,Scotland,424,home,True,,76.0,178,71,31,,,,,,,,,2.0,1.0,3.0,,,,1.0,1.0,,1.0,,,1.0,,,,,,,,,,,6.0,5.87,,5.9,,,5.87,5.87,5.96,,,,6.01,6.01,,5.99,,,,6.1,,,,,,,,,,,,,,,,3.0,,,3.0,1.0,4.0,,,,1.0,1.0,,1.0,,,,1.0,,,,,,,,,,,,,,,2.0,,,1.0,1.0,,,1.0,,,,,,,,,1.0,,1.0,,,,,2.0,,,1.0,1.0,,,1.0,,,,,,,,,,,100.0,,,100.0,100.0,,,100.0,,,,,,,,,100.0,,100.0,,,,,,1.0,1.0,,1.0,1.0,,3.0,1.0,,,,,,,,,5.87,5.86,,5.93,5.93,,6.0,6.01,,6.0,6.0,6.09,6.15,,,,,,,,1.0,,,,3.0,1.0,,2.0,,1.0,,,2.0,1.0,,3.0,1.0,1.0,1.0,,,,,,,,,1.0,1.0,,1.0,1.0,,3.0,1.0,,,,,,,,,,,,,1.0,1.0,,1.0,1.0,,1.0,3.0,1.0,,,,,,,,,100.0,100.0,,100.0,100.0,,100.0,100.0,,,,,,,,,,,,,,,,,,,,,,,,,,2.0,,1.0,,,2.0,,,,,5.83,,,,5.96,,,,5.99,,,,,,,,1.0,,,,2.0,,,1.0,,,,2.0,,1.0,,,2.0,,,,,,,,,,2.0,,,,0.0,,0.0,,,100.0,,,,,,,,,,,,,,,,,,,5.99,,,,,,,,,1.0,,,,3.0,,,,,3.0,,,100.0,,,,,,,,,,,,,,,1.0,1.0,,,,1.0,,,,5.88,5.88,,,6.13,,,,,1.0,1.0,,,1.0,1.0,1.0,,,,1.0,,,1.0,,,1.0,,1.0,,,,100.0,,,,100.0,,,0.0,,,,,,,,,,,,,,,,,,,,,,,,,,,,,,,,,,,,,,,,,,,,,,,1.0,,,,,,,,,,,,,,,,,,,,,,,,,,,,,,,,,,1.0,5.89,1.0,1.0,1.0,1.0,1.0,1.0,0.0,1.0,1.0,1.0,1.0,100.0,0.0,1.0,2.0,1.0,1.0,,,,,,,,,,,,,,,,,,,,,,,,,,,,,,,,,,,,,,,,,,,,,,,,,,,,,,,,,,,,,,,,,,,,,,,,,,,,,,,,,,,,,,,,,,,,,,,,,,,,,,,,,,,,,,,,,,,,,,,,,,,,,,,,,,,,,,,,,,,,,,,,,,,,,,,,,,,,,,,,,,,,,,,,,,,,,,,,,,,,,,,,,,,,,,,,,,,,,,,,,,,,,,,,,,,,,,,,,,,,,,,,,,,,,,,,,,,,,,,,,,,,,,,,,,,,,,,,,,,,,,,,,,,,,,,,,,,,,,,,,,,,,,,,,,,,,,,,,,,,,,,,,,,,,,,,,,,,,,,,,,,,,,,,,,,,,,,,,,,,,,,,,,,,,,,,,,,,,,,,,,,,,,,,,,,,,,,,,,,,,,,,,,,,,,,,,,,,,,,,,,
297403,Kieran Tierney,6,ML,Scotland,424,home,True,,65.0,180,73,29,,,,,,1.0,,,1.0,1.0,,1.0,,,,,,,,1.0,,,,,,,,,,,,6.0,5.88,,5.83,,,5.83,5.84,,5.87,,,,,,,,,6.35,,,,,,,,,,,,,,,,,2.0,,,1.0,1.0,,1.0,,,,,1.0,,,,1.0,,,,,,,,,,,,,,1.0,,1.0,,,,,,1.0,,,,,,,,,,1.0,,,,,1.0,,1.0,,,,,,1.0,,,,,,,,,,100.0,,100.0,,,,,,100.0,,,,,,,,,,100.0,,,,,,,,,,1.0,,,2.0,,1.0,,,,,,,,,5.86,5.84,,,,6.21,,,6.34,,6.35,,,,,,,,,,,,,,1.0,1.0,,,,,3.0,,,,3.0,,2.0,,,,,,,,,,,,,1.0,,,1.0,,1.0,,,,,,,,,,,,,,,,,,1.0,,,1.0,,,,,,,,,,,0.0,,,100.0,,100.0,,,,,,,,,,,,,,,,,,,,,,,,,,1.0,,1.0,2.0,,,,1.0,,,,5.89,5.89,6.05,,,,6.34,,,,,1.0,,,,,1.0,2.0,1.0,,,1.0,,,,,1.0,,1.0,2.0,,,,1.0,,,,,1.0,2.0,,,,1.0,,0.0,,100.0,100.0,,,,100.0,,,,,,,,,,,,,,,,,,,,,,,,,,,,,,,,,,,,,,,,,,,,,,,,,,,,,,,,,,,,,,5.87,,,6.45,,,,,,,,,,1.0,,,,,,,,,,,,,,1.0,,,,,,,,,,,,,,,,,,,,,,,,,,,,,,,,,,,,,,,,,,,,,,,,,,,,,,,,,,,,,,,,,,,,,,,,,,,,,,,,,,,,,,,,,,,,1.0,6.35,,,,,2.0,1.0,100.0,,1.0,,,,100.0,,,,,1.0,5.97,6.1,1.0,1.0,1.0,1.0,1.0,2.0,1.0,1.0,1.0,0.0,1.0,1.0,1.0,1.0,1.0,1.0,1.0,1.0,1.0,1.0,100.0,100.0,,,,,,,,,,,,,,,,,,,,,,,,,,,,,,,,,,,,,,,,,,,,,,,,,,,,,,,,,,,,,,,,,,,,,,,,,,,,,,,,,,,,,,,,,,,,,,,,,,,,,,,,,,,,,,,,,,,,,,,,,,,,,,,,,,,,,,,,,,,,,,,,,,,,,,,,,,,,,,,,,,,,,,,,,,,,,,,,,,,,,,,,,,,,,,,,,,,,,,,,,,,,,,,,,,,,,,,,,,,,,,,,,,,,,,,,,,,,,,,,,,,,,,,,,,,,,,,,,,,,,,,,,,,,,,,,,,,,,,,,,,,,,,,,,,,,,,,,,,,,,,,,,,,,,,,,,,,,,,,,,,,,,,,,,,,,,,,,,,,,,,,,,,,,,,,,,,,,,,,,,,,,,,,,,,,,,,,,,
336915,Scott McTominay,4,AMC,Scotland,424,home,True,,,193,88,29,,,,,,,1.0,,2.0,1.0,2.0,,,,,3.0,,,,2.0,2.0,,,1.0,1.0,,,1.0,,1.0,,6.0,5.9,5.9,,5.9,,5.91,5.9,5.96,,,,,5.75,,,,,5.84,6.18,,,,6.19,6.12,6.12,6.09,,6.1,,6.09,,,,,,1.0,,2.0,1.0,2.0,,,,,3.0,,,,,2.0,2.0,,,,1.0,1.0,1.0,,1.0,,1.0,,,,,2.0,,,,3.0,,2.0,2.0,,,1.0,1.0,,1.0,,,1.0,,,1.0,,,,2.0,,,,3.0,,2.0,1.0,,,1.0,1.0,,,,,,,100.0,,,,100.0,,100.0,50.0,,,100.0,100.0,,0.0,,,100.0,,,100.0,,,,,,1.0,1.0,2.0,,,3.0,,,,1.0,,,,,2.0,,5.9,,,5.73,5.73,5.75,,,5.84,,,,,,6.18,,6.15,,6.09,,,,,,1.0,,,1.0,1.0,1.0,,2.0,,1.0,3.0,,,,,,1.0,,1.0,1.0,1.0,4.0,,1.0,1.0,2.0,,,3.0,,,1.0,,,,,,2.0,,,,,,1.0,1.0,2.0,,,,3.0,,,1.0,,,,,,2.0,,100.0,100.0,100.0,,,100.0,,,100.0,,,,,,100.0,,,,,,,,,,,,,,,,,,,1.0,1.0,,,1.0,,2.0,,,5.9,5.95,,,5.96,5.73,,5.83,,,,,1.0,,,,1.0,1.0,,,1.0,1.0,2.0,,,,,,1.0,1.0,,,1.0,,2.0,,,,1.0,,,,1.0,,1.0,1.0,,100.0,0.0,,,100.0,,50.0,,,,,,,,,,,,,1.0,,,,,6.18,,6.1,,,,,,,1.0,,1.0,2.0,,,,1.0,2.0,,,100.0,,,,100.0,,,,,,,,,,,1.0,,,,1.0,,1.0,,,5.89,,,6.19,6.26,6.23,,,,1.0,,,,3.0,1.0,,,1.0,,1.0,,1.0,,,,,,1.0,1.0,,,,,100.0,,0.0,,100.0,,,,,,,,,,,,,,,,,,,,,,,,,,,,,,,,,,,,,,,,,,,,,,1.0,,,1.0,,,,1.0,100.0,,,,,,,,,,,,,,,,,,,,,,,,,,,,,5.74,,,,,1.0,,,,,,,,,,,,,,,,,,,,,,,,,,,,,,,,,,,,,,6.09,1.0,1.0,1.0,1.0,1.0,1.0,1.0,1.0,1.0,1.0,1.0,1.0,1.0,1.0,1.0,1.0,100.0,0.0,1.0,2.0,2.0,100.0,1.0,1.0,,,,,,,,,,,,,,,,,,,,,,,,,,,,,,,,,,,,,,,,,,,,,,,,,,,,,,,,,,,,,,,,,,,,,,,,,,,,,,,,,,,,,,,,,,,,,,,,,,,,,,,,,,,,,,,,,,,,,,,,,,,,,,,,,,,,,,,,,,,,,,,,,,,,,,,,,,,,,,,,,,,,,,,,,,,,,,,,,,,,,,,,,,,,,,,,,,,,,,,,,,,,,,,,,,,,,,,,,,,,,,,,,,,,,,,,,,,,,,,,,,,,,,,,,,,,,,,,,,,,,,,,,,,,,,,,,,,,,,,,,,,,,,,,,,,,,,,,,,,,,,,,,,,,,,,,,,,,,,,,,,,,,,,,,,,,,,,,,,,,,,,,,,,,,,,,
256419,Ché Adams,10,FW,Scotland,424,home,True,,76.0,175,70,29,,,,,,,,1.0,,1.0,,,,,,1.0,,,,1.0,,,,,,,,,,,,6.0,5.93,,6.09,,6.08,,6.08,,,,,,6.12,,,,,6.21,,,,,,,,,,,,,,,,,2.0,,1.0,,1.0,,,,,,1.0,,,,,1.0,,,,,,,,,,,,,,,1.0,,,,,1.0,,1.0,,,,,,,,,,1.0,,,,,,,,,,,1.0,,1.0,,,,,,,,,,,0.0,,,,,100.0,,100.0,,,,,,,,,,100.0,,,,,,,,,,,,,1.0,,,,,,,,,,,,,6.12,,,,,,6.2,,,6.17,6.16,,,,,,,,,,,,,,1.0,,,,,,,,1.0,,,,,,,,,,,,,,,,,,1.0,,,,,,,,,,,,,,,,,,,,1.0,,,,,,,,,,,,,,,,,100.0,,,,,,,,,,,,,,,,,,,,,,,,,,,,,,,,,,,,,,,,,,,,,,,,,,,,,,,,,,,,,,,,,,,,,,,,,,,,,,,,,,,,,,,,,,,,,,,,,,,,,,,,,,5.9,,6.19,,,,,,,1.0,,,,,,,,,,,,,,,,,,,,,,,,,,,,,1.0,1.0,,,,,,,,5.94,5.94,,,,,,,,1.0,1.0,,,,,1.0,,,,1.0,,,,,,1.0,,1.0,,,,100.0,,,,100.0,,,,,,,,,,,,,,,,,,,,,,,,,,,,,,,,,,,,,,,,,,,,,,,,,,1.0,,,,,,,,,,,,,,,,,,,,,,,,,,,,,,,,,,,,,,,,,,,1.0,,1.0,,100.0,,,,,,,,,,,,,,,,,,,,,,,,,,,,,,,,,,,,,,,,,,,,,,,,,,,,,,,,1.0,1.0,1.0,1.0,1.0,1.0,1.0,1.0,,,,,,,,,,,,,,,,,,,,,,,,,,,,,,,,,,,,,,,,,,,,,,,,,,,,,,,,,,,,,,,,,,,,,,,,,,,,,,,,,,,,,,,,,,,,,,,,,,,,,,,,,,,,,,,,,,,,,,,,,,,,,,,,,,,,,,,,,,,,,,,,,,,,,,,,,,,,,,,,,,,,,,,,,,,,,,,,,,,,,,,,,,,,,,,,,,,,,,,,,,,,,,,,,,,,,,,,,,,,,,,,,,,,,,,,,,,,,,,,,,,,,,,,,,,,,,,,,,,,,,,,,,,,,,,,,,,,,,,,,,,,,,,,,,,,,,,,,,,,,,,,,,,,,,,,,,,,,,,,,,,,,,,,,,,,,,,,,,,,,,,,
396795,Lyndon Dykes,9,Sub,Scotland,424,home,False,76.0,,188,84,30,,,,,,,,,,,,,,,,,,,,,,,,1.0,1.0,,,,1.0,1.0,,,,,,,,,,,,,,,,,,,,,,,5.98,,5.99,,5.98,5.94,,6.01,6.0,6.08,6.06,,,,,,,,,,,,,,,,,,,,,,,,1.0,1.0,1.0,,,1.0,1.0,,,,,,,,,,,,,,,1.0,1.0,,1.0,,,,,,,,,,,,,,,,,,,,1.0,,,,,,,,,,,,,,,,,,100.0,0.0,,0.0,,,,,,,,,,,,,,,,,,,,,1.0,,,,2.0,,,,,,,,,,,,,,,,,6.0,,,5.97,,,,,,,,,,,,,,,,,,,,,,,1.0,,,,2.0,,,,,,,,,,,1.0,,,,2.0,,,,,,,,,,,,,,,,,1.0,,,,1.0,,,,,,,,,,,,100.0,,,,50.0,,,,,,,,,,,,,,,,,,,,,,,,,,,,,,,,,,,,,,,,,6.02,,,,,,,,,,,,,,,1.0,,,,,,,,,,,,,,,,,,,,,,,,,,,,,,,,,,,,,,,,1.0,,,,,,,6.03,,,,,,,,,1.0,,,,,1.0,,,,,,,,100.0,,,,,,,,,,,,,,,,,,,,,,,,,,,,,,,,,,,,,,,,,,,,,,,,,,,,,,,,,,,,,,,,,,,,,,,,,,,,,,,,,,,,,,,,,,,,,,,,,,,,,,,,,,,,,,1.0,,,,,,,,,,,,,,,,,,,,,,,,,,,,,,,,,,,,,,,,,,,,,,,,,,,,,,,,,,,,,,,,,,,,,,,,,,,,,,,,,,,,,,,,,,,,,,,,,,,,,,,,,,6.0,1.0,1.0,1.0,1.0,1.0,1.0,1.0,0.0,0.0,0.0,1.0,1.0,1.0,1.0,1.0,1.0,100.0,,,,,,,,,,,,,,,,,,,,,,,,,,,,,,,,,,,,,,,,,,,,,,,,,,,,,,,,,,,,,,,,,,,,,,,,,,,,,,,,,,,,,,,,,,,,,,,,,,,,,,,,,,,,,,,,,,,,,,,,,,,,,,,,,,,,,,,,,,,,,,,,,,,,,,,,,,,,,,,,,,,,,,,,,,,,,,,,,,,,,,,,,,,,,,,,,,,,,,,,,,,,,,,,,,,,,,,,,,,,,,,,,,,,,,,,,,,,,,,,,,,,,,,,,,,,,,,,,,,,,,,,,,,,,,,,,,,,,,,,,,,,,,,,,,,,,,,,,,,,,,,,,,,,,,,,,,,,,,,,,,,,,,
397143,Ross Stewart,14,Sub,Scotland,424,home,False,94.0,,188,85,29,,,,,,,,,,,,,,,,,,,,,,,,,,,,,,1.0,1.0,,,,,,,,,,,,,,,,,,,,,,,,,,,,,,,6.08,6.15,,,,,,,,,,,,,,,,,,,,,,,,,,,,,,1.0,1.0,,,,,,,,,,,,,,,,,1.0,1.0,,,,,,,,,,,,,,,,,,,,,,,,,,,,,,,,,,,,,,,,,,,,,,,,,,,,,,,,,,,,,,,,,,,,,,,,,,,,,,,,,,,,,,,,,,,,,,,,,,,,,,,,,,,,,,,,,,,,,,,,,,,,,,,,,,,,,,,,,,,,,,,,,,,,,,,,,,,,,,,,,,,,,,,,,,,,,,,,,,,,,,,,,,,,,,,,,,,,,,,,,,,,,,,,,,,,,,,,,,,,,,,,,,,,,,,,,,,,,,,,,,,,,,,,,,,,,,,,,,,,,,,,,,,,,,,,,,,,,,,,,,,,,,,,,,,,,,,,,,,,,,,,,,,,,,,,,,,,,,,,,,,,,,,,,,,,,,,,,,,,,,,,,,,,,,,,,,,,,,,,,,,,,,,,,,,,,,,,,,,,,,,,,,,,,,,,,,,,,,,,,,,,,,,,,,,,,,,,,,,,,,,,,,,,,,,,,,,,,,,,,,,,,,,,,,,,,,,,,,,,,,,,,,,,,,,,,,,,,,,,,,,,,,,,,,,,,,,,,,,,,,,,,,,,1.0,,,1.0,1.0,,,,,,1.0,1.0,,,,6.0,1.0,1.0,,,,,,,,,,,,,,,,,,,,,,,,,,,,,,,,,,,,,,,,,,,,,,,,,,,,,,,,,,,,,,,,,,,,,,,,,,,,,,,,,,,,,,,,,,,,,,,,,,,,,,,,,,,,,,,,,,,,,,,,,,,,,,,,,,,,,,,,,,,,,,,,,,,,,,,,,,,,,,,,,,,,,,,,,,,,,,,,,,,,,,,,,,,,,,,,,,,,,,,,,,,,,,,,,,,,,,,,,,,,,,,,,,,,,,,,,,,,,,,,,,,,,,,,,,,,,,,,,,,,,,,,,,,,,,,,,,,,,,,,,,,,,,,,,,,,,,,,,,,,,,,,,,,,,,,,,,,,,,,,,,,
430350,Ben Gannon-Doak,17,Sub,Scotland,424,home,False,65.0,,173,65,20,,,,,,,,,,,,,,,,,,,,,1.0,,,1.0,,,,,1.0,,1.0,,,,,,,,,,,,,,,,,,,,5.99,,,,6.08,,,,,,6.25,,6.25,,,,,,,,,,,,,,,,,,,,1.0,,,,4.0,,,,,1.0,,1.0,,,,,,,,,,,1.0,,,,,,,1.0,,,,,,,,,,,,,,,,,,,,,,,1.0,,,,,,,,,,,0.0,,,,,,,100.0,,,,,,,,,,,,,,,,,,,,1.0,1.0,3.0,,2.0,2.0,,,,,,,,,,,,6.0,5.97,,,5.95,5.96,6.08,6.08,6.24,,,,,,,,,,,,,,,,,,,,,,1.0,1.0,3.0,,2.0,3.0,,,,,,,,,,1.0,1.0,2.0,,2.0,,1.0,,,,,,,,,,,,,,,1.0,1.0,2.0,,2.0,,1.0,,,,,,,,,,100.0,100.0,100.0,,100.0,,100.0,,,,,,,,,,,,,,,,,,,,,,,,,,,,,,,,,,,,,,,,,,,,,,,,,,,,,,,,,,,,,,,,,,,,,,,,,,,,,,,,,,,,,,,,,,,,,,1.0,,,,,,,6.25,,,,,,,,,1.0,,,,,1.0,,,,,,,,100.0,,,,,,,,,,,,,,,,,,,,,,,,,,,,,,,,,,,,,,,,,,,,1.0,,,,,,,,,,,,,,,,100.0,,,,,,,,,,,,,,,,,,,,,,,,,,,,,,,,,,,,,,,,,,,,,,,,,,1.0,,,,,,,,,,,,,,,,,,,,,,,,,,,,,,,,,,,,,,,,,,,,,,,,,,,,,,,,,,,,,,,,,,,,,,,,,,,,,,,,,,,,,,,,,,,,,,,,,,,,,,,,,,,,,,,,,,,,,,,,,,,,,,,1.0,1.0,1.0,1.0,1.0,1.0,1.0,100.0,100.0,1.0,,,,,,,,,,,,,,,,,,,,,,,,,,,,,,,,,,,,,,,,,,,,,,,,,,,,,,,,,,,,,,,,,,,,,,,,,,,,,,,,,,,,,,,,,,,,,,,,,,,,,,,,,,,,,,,,,,,,,,,,,,,,,,,,,,,,,,,,,,,,,,,,,,,,,,,,,,,,,,,,,,,,,,,,,,,,,,,,,,,,,,,,,,,,,,,,,,,,,,,,,,,,,,,,,,,,,,,,,,,,,,,,,,,,,,,,,,,,,,,,,,,,,,,,,,,,,,,,,,,,,,,,,,,,,,,,,,,,,,,,,,,,,,,,,,,,,,,,,,,,,,,,,,,,,,,,,
82917,Kenny McLean,23,Sub,Scotland,424,home,False,76.0,,183,70,34,,,,,,,,,,,,,,,,,,,,,,,,2.0,1.0,1.0,,,1.0,,,,,,,,,,,,,,,,,,,,,,,,,,6.01,,5.98,6.06,,,6.24,,,,,,,,,,,,,,,,,,,,,,,,,,2.0,1.0,1.0,,,1.0,,,,,,,,,,,,,,,,2.0,1.0,,,,,,,,,,,,,,,,,,,,,,1.0,1.0,,,,,,,,,,,,,,,,,50.0,100.0,,,,,,,,,,,,,,,,,,,,,,1.0,,3.0,1.0,,1.0,2.0,,,,,,,,,,,,,,,6.0,,6.01,5.98,6.07,6.06,,,,,,,,,,,,,,,,,,,,,1.0,,3.0,3.0,,1.0,2.0,,,,,,,,,,,3.0,1.0,,1.0,1.0,2.0,,,1.0,,,,,,,,,,,,,3.0,1.0,,1.0,,2.0,,,,,,,,,,,100.0,100.0,,100.0,0.0,100.0,,,100.0,,,,,,,,,,,,,,,,,,,,,,,,,,,,,,,,,,,,6.19,,,,,,,,,,,,,,,2.0,,,,,,,,,,,,,,,,,,,,,,,,,,,,,,,,,,,,,,,,1.0,,,,,,,6.24,,,,,,,,,2.0,,,,,1.0,,,,,,,,100.0,,,,,,,,,,,,,,,,,,,,,,,,,,,,,,,,,,,,,,,,,,,,1.0,,,,,,,,,,,,,,,,0.0,,,,,,,,,,,,,,,,,,,,,,,,,,,,,,,,,,,,,,,,,,,,,,,,,,1.0,,,,,,,,,,,,,,,,,,,,,,,,,,,,,,,,,,,,,,,,,,,,,,,,,,,,,,,,,,,,,,,,,,,,,,,,,,,,,,,,,,,,,,,,,,,,,,,,,,,,,,,,,,6.0,,,,,,,,,,,,,,,1.0,1.0,100.0,,,,,,,,,,,,,,1.0,1.0,1.0,1.0,0.0,2.0,1.0,1.0,50.0,1.0,,,,,,,,,,,,,,,,,,,,,,,,,,,,,,,,,,,,,,,,,,,,,,,,,,,,,,,,,,,,,,,,,,,,,,,,,,,,,,,,,,,,,,,,,,,,,,,,,,,,,,,,,,,,,,,,,,,,,,,,,,,,,,,,,,,,,,,,,,,,,,,,,,,,,,,,,,,,,,,,,,,,,,,,,,,,,,,,,,,,,,,,,,,,,,,,,,,,,,,,,,,,,,,,,,,,,,,,,,,,,,,,,,,,,,,,,,,,,,,,,,,,,,,,,,,,,,,,,,,,,,,,,,,,,,,,,,,,,,,,,,,,,,,,,,,,,,,,,,,,,,,
291944,Anthony Ralston,24,Sub,Scotland,424,home,False,94.0,,178,70,27,,,,,,,,,,,,,,,,,,,,,,,,,,,,1.0,1.0,,1.0,,,,,,,,,,,,,,,,,,,,,,,,,,,,,5.99,6.0,,6.01,,,,,,,,,,,,,,,,,,,,,,,,,,,,1.0,1.0,,1.0,,,,,,,,,,,,,,,,,,1.0,,,,,1.0,,,,,,,,,,,,,,,,,,1.0,,,,,,,,,,,,,,,,,,100.0,,,,,100.0,,,,,,,,,,,,,,,,,,,,,,,,,,,,,,,,,,,,,,,,,,,,,,,,,,,,,,,,,,,,,,,,,,,,,,,,,,,,,,,,,,,,,,,,,,,,,,,,,,,,,,,,,,,,,,,,,,,,,,,,,,,,,,,,,,,,,,,,,,,,,,,,,,,1.0,,,,,,,,,,,5.99,,,,,,,,,,,,,,,1.0,,,,,,,,,,,1.0,,,,,,,,,1.0,,,,,,,,,,0.0,,,,,,,,,,,1.0,,,,,,,5.99,,,,,,,,,1.0,,,,,1.0,,,,,,,,100.0,,,,,,,,,,,,,,,,,,,,,,,,,,,,,,,,,,,,,,,,,,,,1.0,,,,,,,,,,,,,,,,100.0,,,,,,,,,,,,,,,,,,,,,,,,,,,,,,,,,,1.0,,5.99,,,,,,1.0,,,,,,,,1.0,,,,,,,,,,,,,,,,,,,,,,,,,,,,,,,,,,,,,,,,,,,,,,,,,,,,,,,,,,,,,,,,,,,,,,,,,,,,,,,,,,,,,,,,,,,,,,,,,,,,,,,,,,,,,,,,,,,,,,,,,,,,6.0,,,1.0,,,,,,,,,,,,,,,,,,,,1.0,0.0,1.0,,,,,,,,,,,,,,,,,,,,,,,,,,,,,,,,,,,,,,,,,,,,,,,,,,,,,,,,,,,,,,,,,,,,,,,,,,,,,,,,,,,,,,,,,,,,,,,,,,,,,,,,,,,,,,,,,,,,,,,,,,,,,,,,,,,,,,,,,,,,,,,,,,,,,,,,,,,,,,,,,,,,,,,,,,,,,,,,,,,,,,,,,,,,,,,,,,,,,,,,,,,,,,,,,,,,,,,,,,,,,,,,,,,,,,,,,,,,,,,,,,,,,,,,,,,,,,,,,,,,,,,,,,,,,,,,,,,,,,,,,,,,,,,,,,,,,,,,,,,,
317547,George Hirst,18,Sub,Scotland,424,home,False,,,191,81,27,,,,,,,,,,,,,,,,,,,,,,,,,,,,,,,,,,,,,,,,,,,,,,,,,,,,,,,,,,,,,,,,,,,,,,,,,,,,,,,,,,,,,,,,,,,,,,,,,,,,,,,,,,,,,,,,,,,,,,,,,,,,,,,,,,,,,,,,,,,,,,,,,,,,,,,,,,,,,,,,,,,,,,,,,,,,,,,,,,,,,,,,,,,,,,,,,,,,,,,,,,,,,,,,,,,,,,,,,,,,,,,,,,,,,,,,,,,,,,,,,,,,,,,,,,,,,,,,,,,,,,,,,,,,,,,,,,,,,,,,,,,,,,,,,,,,,,,,,,,,,,,,,,,,,,,,,,,,,,,,,,,,,,,,,,,,,,,,,,,,,,,,,,,,,,,,,,,,,,,,,,,,,,,,,,,,,,,,,,,,,,,,,,,,,,,,,,,,,,,,,,,,,,,,,,,,,,,,,,,,,,,,,,,,,,,,,,,,,,,,,,,,,,,,,,,,,,,,,,,,,,,,,,,,,,,,,,,,,,,,,,,,,,,,,,,,,,,,,,,,,,,,,,,,,,,,,,,,,,,,,,,,,,,,,,,,,,,,,,,,,,,,,,,,,,,,,,,,,,,,,,,,,,,,,,,,,,,,,,,,,,,,,,,,,,,,,,,,,,,,,,,,,,,,,,,,,,,,,,,,,,,,,,,,,,,,,,,,,,,,,,,,,,,,,,,,,,,,,,,,,,,,,,,,,,,,,,,,,,,,,,,,,,,,,,,,,,,,,,,,,,,,,,,,,,,,,,,,,,,,,,,,,,,,,,,,,,,,,,,,,,,,,,,,,,,,,,,,,,,,,,,,,,,,,,,,,,,,,,,,,,,,,,,,,,,,,,,,,,,,,,,,,,,,,,,,,,,,,,,,,,,,,,,,,,,,,,,,,,,,,,,,,,,,,,,,,,,,,,,,,,,,,,,,,,,,,,,,,,,,,,,,,,,,,,,,,,,,,,,,,,,,,,,,,,,,,,,,,,,,,,,,,,,,,,,,,,,,,,,,,,,,,,,,,,,,,,,,,,,,
363298,John Souttar,15,Sub,Scotland,424,home,False,,,186,75,29,,,,,,,,,,,,,,,,,,,,,,,,,,,,,,,,,,,,,,,,,,,,,,,,,,,,,,,,,,,,,,,,,,,,,,,,,,,,,,,,,,,,,,,,,,,,,,,,,,,,,,,,,,,,,,,,,,,,,,,,,,,,,,,,,,,,,,,,,,,,,,,,,,,,,,,,,,,,,,,,,,,,,,,,,,,,,,,,,,,,,,,,,,,,,,,,,,,,,,,,,,,,,,,,,,,,,,,,,,,,,,,,,,,,,,,,,,,,,,,,,,,,,,,,,,,,,,,,,,,,,,,,,,,,,,,,,,,,,,,,,,,,,,,,,,,,,,,,,,,,,,,,,,,,,,,,,,,,,,,,,,,,,,,,,,,,,,,,,,,,,,,,,,,,,,,,,,,,,,,,,,,,,,,,,,,,,,,,,,,,,,,,,,,,,,,,,,,,,,,,,,,,,,,,,,,,,,,,,,,,,,,,,,,,,,,,,,,,,,,,,,,,,,,,,,,,,,,,,,,,,,,,,,,,,,,,,,,,,,,,,,,,,,,,,,,,,,,,,,,,,,,,,,,,,,,,,,,,,,,,,,,,,,,,,,,,,,,,,,,,,,,,,,,,,,,,,,,,,,,,,,,,,,,,,,,,,,,,,,,,,,,,,,,,,,,,,,,,,,,,,,,,,,,,,,,,,,,,,,,,,,,,,,,,,,,,,,,,,,,,,,,,,,,,,,,,,,,,,,,,,,,,,,,,,,,,,,,,,,,,,,,,,,,,,,,,,,,,,,,,,,,,,,,,,,,,,,,,,,,,,,,,,,,,,,,,,,,,,,,,,,,,,,,,,,,,,,,,,,,,,,,,,,,,,,,,,,,,,,,,,,,,,,,,,,,,,,,,,,,,,,,,,,,,,,,,,,,,,,,,,,,,,,,,,,,,,,,,,,,,,,,,,,,,,,,,,,,,,,,,,,,,,,,,,,,,,,,,,,,,,,,,,,,,,,,,,,,,,,,,,,,,,,,,,,,,,,,,,,,,,,,,,,,,,,,,,,,,,,,,,,,,,,,,,,,,,,,,,,,,
364624,Scott McKenna,26,Sub,Scotland,424,home,False,,,189,74,29,,,,,,,,,,,,,,,,,,,,,,,,,,,,,,,,,,,,,,,,,,,,,,,,,,,,,,,,,,,,,,,,,,,,,,,,,,,,,,,,,,,,,,,,,,,,,,,,,,,,,,,,,,,,,,,,,,,,,,,,,,,,,,,,,,,,,,,,,,,,,,,,,,,,,,,,,,,,,,,,,,,,,,,,,,,,,,,,,,,,,,,,,,,,,,,,,,,,,,,,,,,,,,,,,,,,,,,,,,,,,,,,,,,,,,,,,,,,,,,,,,,,,,,,,,,,,,,,,,,,,,,,,,,,,,,,,,,,,,,,,,,,,,,,,,,,,,,,,,,,,,,,,,,,,,,,,,,,,,,,,,,,,,,,,,,,,,,,,,,,,,,,,,,,,,,,,,,,,,,,,,,,,,,,,,,,,,,,,,,,,,,,,,,,,,,,,,,,,,,,,,,,,,,,,,,,,,,,,,,,,,,,,,,,,,,,,,,,,,,,,,,,,,,,,,,,,,,,,,,,,,,,,,,,,,,,,,,,,,,,,,,,,,,,,,,,,,,,,,,,,,,,,,,,,,,,,,,,,,,,,,,,,,,,,,,,,,,,,,,,,,,,,,,,,,,,,,,,,,,,,,,,,,,,,,,,,,,,,,,,,,,,,,,,,,,,,,,,,,,,,,,,,,,,,,,,,,,,,,,,,,,,,,,,,,,,,,,,,,,,,,,,,,,,,,,,,,,,,,,,,,,,,,,,,,,,,,,,,,,,,,,,,,,,,,,,,,,,,,,,,,,,,,,,,,,,,,,,,,,,,,,,,,,,,,,,,,,,,,,,,,,,,,,,,,,,,,,,,,,,,,,,,,,,,,,,,,,,,,,,,,,,,,,,,,,,,,,,,,,,,,,,,,,,,,,,,,,,,,,,,,,,,,,,,,,,,,,,,,,,,,,,,,,,,,,,,,,,,,,,,,,,,,,,,,,,,,,,,,,,,,,,,,,,,,,,,,,,,,,,,,,,,,,,,,,,,,,,,,,,,,,,,,,,,,,,,,,,,,,,,,,,,,,,,,,,,,,,,,,,
371756,Liam Kelly,12,Sub,Scotland,424,home,False,,,184,80,30,,,,,,,,,,,,,,,,,,,,,,,,,,,,,,,,,,,,,,,,,,,,,,,,,,,,,,,,,,,,,,,,,,,,,,,,,,,,,,,,,,,,,,,,,,,,,,,,,,,,,,,,,,,,,,,,,,,,,,,,,,,,,,,,,,,,,,,,,,,,,,,,,,,,,,,,,,,,,,,,,,,,,,,,,,,,,,,,,,,,,,,,,,,,,,,,,,,,,,,,,,,,,,,,,,,,,,,,,,,,,,,,,,,,,,,,,,,,,,,,,,,,,,,,,,,,,,,,,,,,,,,,,,,,,,,,,,,,,,,,,,,,,,,,,,,,,,,,,,,,,,,,,,,,,,,,,,,,,,,,,,,,,,,,,,,,,,,,,,,,,,,,,,,,,,,,,,,,,,,,,,,,,,,,,,,,,,,,,,,,,,,,,,,,,,,,,,,,,,,,,,,,,,,,,,,,,,,,,,,,,,,,,,,,,,,,,,,,,,,,,,,,,,,,,,,,,,,,,,,,,,,,,,,,,,,,,,,,,,,,,,,,,,,,,,,,,,,,,,,,,,,,,,,,,,,,,,,,,,,,,,,,,,,,,,,,,,,,,,,,,,,,,,,,,,,,,,,,,,,,,,,,,,,,,,,,,,,,,,,,,,,,,,,,,,,,,,,,,,,,,,,,,,,,,,,,,,,,,,,,,,,,,,,,,,,,,,,,,,,,,,,,,,,,,,,,,,,,,,,,,,,,,,,,,,,,,,,,,,,,,,,,,,,,,,,,,,,,,,,,,,,,,,,,,,,,,,,,,,,,,,,,,,,,,,,,,,,,,,,,,,,,,,,,,,,,,,,,,,,,,,,,,,,,,,,,,,,,,,,,,,,,,,,,,,,,,,,,,,,,,,,,,,,,,,,,,,,,,,,,,,,,,,,,,,,,,,,,,,,,,,,,,,,,,,,,,,,,,,,,,,,,,,,,,,,,,,,,,,,,,,,,,,,,,,,,,,,,,,,,,,,,,,,,,,,,,,,,,,,,,,,,,,,,,,,,,,,,,,,,,,,,,,,,,,,,,,,,,,,,
384861,Lawrence Shankland,20,Sub,Scotland,424,home,False,,,185,75,30,,,,,,,,,,,,,,,,,,,,,,,,,,,,,,,,,,,,,,,,,,,,,,,,,,,,,,,,,,,,,,,,,,,,,,,,,,,,,,,,,,,,,,,,,,,,,,,,,,,,,,,,,,,,,,,,,,,,,,,,,,,,,,,,,,,,,,,,,,,,,,,,,,,,,,,,,,,,,,,,,,,,,,,,,,,,,,,,,,,,,,,,,,,,,,,,,,,,,,,,,,,,,,,,,,,,,,,,,,,,,,,,,,,,,,,,,,,,,,,,,,,,,,,,,,,,,,,,,,,,,,,,,,,,,,,,,,,,,,,,,,,,,,,,,,,,,,,,,,,,,,,,,,,,,,,,,,,,,,,,,,,,,,,,,,,,,,,,,,,,,,,,,,,,,,,,,,,,,,,,,,,,,,,,,,,,,,,,,,,,,,,,,,,,,,,,,,,,,,,,,,,,,,,,,,,,,,,,,,,,,,,,,,,,,,,,,,,,,,,,,,,,,,,,,,,,,,,,,,,,,,,,,,,,,,,,,,,,,,,,,,,,,,,,,,,,,,,,,,,,,,,,,,,,,,,,,,,,,,,,,,,,,,,,,,,,,,,,,,,,,,,,,,,,,,,,,,,,,,,,,,,,,,,,,,,,,,,,,,,,,,,,,,,,,,,,,,,,,,,,,,,,,,,,,,,,,,,,,,,,,,,,,,,,,,,,,,,,,,,,,,,,,,,,,,,,,,,,,,,,,,,,,,,,,,,,,,,,,,,,,,,,,,,,,,,,,,,,,,,,,,,,,,,,,,,,,,,,,,,,,,,,,,,,,,,,,,,,,,,,,,,,,,,,,,,,,,,,,,,,,,,,,,,,,,,,,,,,,,,,,,,,,,,,,,,,,,,,,,,,,,,,,,,,,,,,,,,,,,,,,,,,,,,,,,,,,,,,,,,,,,,,,,,,,,,,,,,,,,,,,,,,,,,,,,,,,,,,,,,,,,,,,,,,,,,,,,,,,,,,,,,,,,,,,,,,,,,,,,,,,,,,,,,,,,,,,,,,,,,,,,,,,,,,,,,,,,,,,,,,
402367,Aaron Hickey,2,Sub,Scotland,424,home,False,,,185,72,24,,,,,,,,,,,,,,,,,,,,,,,,,,,,,,,,,,,,,,,,,,,,,,,,,,,,,,,,,,,,,,,,,,,,,,,,,,,,,,,,,,,,,,,,,,,,,,,,,,,,,,,,,,,,,,,,,,,,,,,,,,,,,,,,,,,,,,,,,,,,,,,,,,,,,,,,,,,,,,,,,,,,,,,,,,,,,,,,,,,,,,,,,,,,,,,,,,,,,,,,,,,,,,,,,,,,,,,,,,,,,,,,,,,,,,,,,,,,,,,,,,,,,,,,,,,,,,,,,,,,,,,,,,,,,,,,,,,,,,,,,,,,,,,,,,,,,,,,,,,,,,,,,,,,,,,,,,,,,,,,,,,,,,,,,,,,,,,,,,,,,,,,,,,,,,,,,,,,,,,,,,,,,,,,,,,,,,,,,,,,,,,,,,,,,,,,,,,,,,,,,,,,,,,,,,,,,,,,,,,,,,,,,,,,,,,,,,,,,,,,,,,,,,,,,,,,,,,,,,,,,,,,,,,,,,,,,,,,,,,,,,,,,,,,,,,,,,,,,,,,,,,,,,,,,,,,,,,,,,,,,,,,,,,,,,,,,,,,,,,,,,,,,,,,,,,,,,,,,,,,,,,,,,,,,,,,,,,,,,,,,,,,,,,,,,,,,,,,,,,,,,,,,,,,,,,,,,,,,,,,,,,,,,,,,,,,,,,,,,,,,,,,,,,,,,,,,,,,,,,,,,,,,,,,,,,,,,,,,,,,,,,,,,,,,,,,,,,,,,,,,,,,,,,,,,,,,,,,,,,,,,,,,,,,,,,,,,,,,,,,,,,,,,,,,,,,,,,,,,,,,,,,,,,,,,,,,,,,,,,,,,,,,,,,,,,,,,,,,,,,,,,,,,,,,,,,,,,,,,,,,,,,,,,,,,,,,,,,,,,,,,,,,,,,,,,,,,,,,,,,,,,,,,,,,,,,,,,,,,,,,,,,,,,,,,,,,,,,,,,,,,,,,,,,,,,,,,,,,,,,,,,,,,,,,,,,,,,,,,,,,,,,,,,,,,,,,,,,,,,,
533012,Findlay Curtis,25,Sub,Scotland,424,home,False,,,180,66,19,,,,,,,,,,,,,,,,,,,,,,,,,,,,,,,,,,,,,,,,,,,,,,,,,,,,,,,,,,,,,,,,,,,,,,,,,,,,,,,,,,,,,,,,,,,,,,,,,,,,,,,,,,,,,,,,,,,,,,,,,,,,,,,,,,,,,,,,,,,,,,,,,,,,,,,,,,,,,,,,,,,,,,,,,,,,,,,,,,,,,,,,,,,,,,,,,,,,,,,,,,,,,,,,,,,,,,,,,,,,,,,,,,,,,,,,,,,,,,,,,,,,,,,,,,,,,,,,,,,,,,,,,,,,,,,,,,,,,,,,,,,,,,,,,,,,,,,,,,,,,,,,,,,,,,,,,,,,,,,,,,,,,,,,,,,,,,,,,,,,,,,,,,,,,,,,,,,,,,,,,,,,,,,,,,,,,,,,,,,,,,,,,,,,,,,,,,,,,,,,,,,,,,,,,,,,,,,,,,,,,,,,,,,,,,,,,,,,,,,,,,,,,,,,,,,,,,,,,,,,,,,,,,,,,,,,,,,,,,,,,,,,,,,,,,,,,,,,,,,,,,,,,,,,,,,,,,,,,,,,,,,,,,,,,,,,,,,,,,,,,,,,,,,,,,,,,,,,,,,,,,,,,,,,,,,,,,,,,,,,,,,,,,,,,,,,,,,,,,,,,,,,,,,,,,,,,,,,,,,,,,,,,,,,,,,,,,,,,,,,,,,,,,,,,,,,,,,,,,,,,,,,,,,,,,,,,,,,,,,,,,,,,,,,,,,,,,,,,,,,,,,,,,,,,,,,,,,,,,,,,,,,,,,,,,,,,,,,,,,,,,,,,,,,,,,,,,,,,,,,,,,,,,,,,,,,,,,,,,,,,,,,,,,,,,,,,,,,,,,,,,,,,,,,,,,,,,,,,,,,,,,,,,,,,,,,,,,,,,,,,,,,,,,,,,,,,,,,,,,,,,,,,,,,,,,,,,,,,,,,,,,,,,,,,,,,,,,,,,,,,,,,,,,,,,,,,,,,,,,,,,,,,,,,,,,,,,,,,,,,,,,,,,,,,,,,,,,,,,,,
563778,Tyler Fletcher,8,Sub,Scotland,424,home,False,,,183,72,19,,,,,,,,,,,,,,,,,,,,,,,,,,,,,,,,,,,,,,,,,,,,,,,,,,,,,,,,,,,,,,,,,,,,,,,,,,,,,,,,,,,,,,,,,,,,,,,,,,,,,,,,,,,,,,,,,,,,,,,,,,,,,,,,,,,,,,,,,,,,,,,,,,,,,,,,,,,,,,,,,,,,,,,,,,,,,,,,,,,,,,,,,,,,,,,,,,,,,,,,,,,,,,,,,,,,,,,,,,,,,,,,,,,,,,,,,,,,,,,,,,,,,,,,,,,,,,,,,,,,,,,,,,,,,,,,,,,,,,,,,,,,,,,,,,,,,,,,,,,,,,,,,,,,,,,,,,,,,,,,,,,,,,,,,,,,,,,,,,,,,,,,,,,,,,,,,,,,,,,,,,,,,,,,,,,,,,,,,,,,,,,,,,,,,,,,,,,,,,,,,,,,,,,,,,,,,,,,,,,,,,,,,,,,,,,,,,,,,,,,,,,,,,,,,,,,,,,,,,,,,,,,,,,,,,,,,,,,,,,,,,,,,,,,,,,,,,,,,,,,,,,,,,,,,,,,,,,,,,,,,,,,,,,,,,,,,,,,,,,,,,,,,,,,,,,,,,,,,,,,,,,,,,,,,,,,,,,,,,,,,,,,,,,,,,,,,,,,,,,,,,,,,,,,,,,,,,,,,,,,,,,,,,,,,,,,,,,,,,,,,,,,,,,,,,,,,,,,,,,,,,,,,,,,,,,,,,,,,,,,,,,,,,,,,,,,,,,,,,,,,,,,,,,,,,,,,,,,,,,,,,,,,,,,,,,,,,,,,,,,,,,,,,,,,,,,,,,,,,,,,,,,,,,,,,,,,,,,,,,,,,,,,,,,,,,,,,,,,,,,,,,,,,,,,,,,,,,,,,,,,,,,,,,,,,,,,,,,,,,,,,,,,,,,,,,,,,,,,,,,,,,,,,,,,,,,,,,,,,,,,,,,,,,,,,,,,,,,,,,,,,,,,,,,,,,,,,,,,,,,,,,,,,,,,,,,,,,,,,,,,,,,,,,,,,,,,,,,,,,,
8280,Craig Gordon,21,Sub,Scotland,424,home,False,,,193,83,43,,,,,,,,,,,,,,,,,,,,,,,,,,,,,,,,,,,,,,,,,,,,,,,,,,,,,,,,,,,,,,,,,,,,,,,,,,,,,,,,,,,,,,,,,,,,,,,,,,,,,,,,,,,,,,,,,,,,,,,,,,,,,,,,,,,,,,,,,,,,,,,,,,,,,,,,,,,,,,,,,,,,,,,,,,,,,,,,,,,,,,,,,,,,,,,,,,,,,,,,,,,,,,,,,,,,,,,,,,,,,,,,,,,,,,,,,,,,,,,,,,,,,,,,,,,,,,,,,,,,,,,,,,,,,,,,,,,,,,,,,,,,,,,,,,,,,,,,,,,,,,,,,,,,,,,,,,,,,,,,,,,,,,,,,,,,,,,,,,,,,,,,,,,,,,,,,,,,,,,,,,,,,,,,,,,,,,,,,,,,,,,,,,,,,,,,,,,,,,,,,,,,,,,,,,,,,,,,,,,,,,,,,,,,,,,,,,,,,,,,,,,,,,,,,,,,,,,,,,,,,,,,,,,,,,,,,,,,,,,,,,,,,,,,,,,,,,,,,,,,,,,,,,,,,,,,,,,,,,,,,,,,,,,,,,,,,,,,,,,,,,,,,,,,,,,,,,,,,,,,,,,,,,,,,,,,,,,,,,,,,,,,,,,,,,,,,,,,,,,,,,,,,,,,,,,,,,,,,,,,,,,,,,,,,,,,,,,,,,,,,,,,,,,,,,,,,,,,,,,,,,,,,,,,,,,,,,,,,,,,,,,,,,,,,,,,,,,,,,,,,,,,,,,,,,,,,,,,,,,,,,,,,,,,,,,,,,,,,,,,,,,,,,,,,,,,,,,,,,,,,,,,,,,,,,,,,,,,,,,,,,,,,,,,,,,,,,,,,,,,,,,,,,,,,,,,,,,,,,,,,,,,,,,,,,,,,,,,,,,,,,,,,,,,,,,,,,,,,,,,,,,,,,,,,,,,,,,,,,,,,,,,,,,,,,,,,,,,,,,,,,,,,,,,,,,,,,,,,,,,,,,,,,,,,,,,,,,,,,,,,,,,,,,,,,,,,,,,,,,,
300049,Dominic Hyam,16,Sub,Scotland,424,home,False,,,188,70,30,,,,,,,,,,,,,,,,,,,,,,,,,,,,,,,,,,,,,,,,,,,,,,,,,,,,,,,,,,,,,,,,,,,,,,,,,,,,,,,,,,,,,,,,,,,,,,,,,,,,,,,,,,,,,,,,,,,,,,,,,,,,,,,,,,,,,,,,,,,,,,,,,,,,,,,,,,,,,,,,,,,,,,,,,,,,,,,,,,,,,,,,,,,,,,,,,,,,,,,,,,,,,,,,,,,,,,,,,,,,,,,,,,,,,,,,,,,,,,,,,,,,,,,,,,,,,,,,,,,,,,,,,,,,,,,,,,,,,,,,,,,,,,,,,,,,,,,,,,,,,,,,,,,,,,,,,,,,,,,,,,,,,,,,,,,,,,,,,,,,,,,,,,,,,,,,,,,,,,,,,,,,,,,,,,,,,,,,,,,,,,,,,,,,,,,,,,,,,,,,,,,,,,,,,,,,,,,,,,,,,,,,,,,,,,,,,,,,,,,,,,,,,,,,,,,,,,,,,,,,,,,,,,,,,,,,,,,,,,,,,,,,,,,,,,,,,,,,,,,,,,,,,,,,,,,,,,,,,,,,,,,,,,,,,,,,,,,,,,,,,,,,,,,,,,,,,,,,,,,,,,,,,,,,,,,,,,,,,,,,,,,,,,,,,,,,,,,,,,,,,,,,,,,,,,,,,,,,,,,,,,,,,,,,,,,,,,,,,,,,,,,,,,,,,,,,,,,,,,,,,,,,,,,,,,,,,,,,,,,,,,,,,,,,,,,,,,,,,,,,,,,,,,,,,,,,,,,,,,,,,,,,,,,,,,,,,,,,,,,,,,,,,,,,,,,,,,,,,,,,,,,,,,,,,,,,,,,,,,,,,,,,,,,,,,,,,,,,,,,,,,,,,,,,,,,,,,,,,,,,,,,,,,,,,,,,,,,,,,,,,,,,,,,,,,,,,,,,,,,,,,,,,,,,,,,,,,,,,,,,,,,,,,,,,,,,,,,,,,,,,,,,,,,,,,,,,,,,,,,,,,,,,,,,,,,,,,,,,,,,,,,,,,,,,,,,,,,,,,,,
136220,Yassine Bounou,1,GK,Morocco,495,away,True,,,192,77,35,,,,,1.0,,,1.0,,,,,,1.0,1.0,,,,,,,1.0,1.0,1.0,,1.0,,,,,,6.0,6.05,6.04,,,6.04,,,,,,6.05,6.04,,,,,,,,6.04,6.09,,6.08,,,6.07,,,,,,,,1.0,,,1.0,,,,,,1.0,1.0,,,,,,,,1.0,1.0,,1.0,,1.0,,,,,,,,1.0,,,1.0,1.0,,,,,1.0,1.0,1.0,,,,,,,,,,,,1.0,,,1.0,,,,,,1.0,,,,,,,,,100.0,,,100.0,0.0,,,,,100.0,0.0,0.0,,,,,,,,,,,,,,,,,,,1.0,,,2.0,1.0,,,,,,,6.03,,,,,,,,6.03,,,6.04,,6.05,6.06,6.1,,,,6.08,,,,,1.0,,,,,,,1.0,,,1.0,,,2.0,,1.0,1.0,1.0,,,,,,,,,,,1.0,,,2.0,,,,,,1.0,,,,1.0,,,,,,,,,,,2.0,,,,,,,,,,,,,0.0,,,100.0,,,,,,0.0,,,,100.0,,,,,,,,,,,,,,,1.0,,,,1.0,,,,1.0,2.0,,,,6.04,,,,,6.03,,6.06,6.07,,,,,,,,1.0,,,,1.0,,2.0,2.0,1.0,,,,,,,,1.0,2.0,,,,,,,,,,0.0,,,,,,,,0.0,0.0,,,,,,,,,2.0,1.0,1.0,,,6.03,,6.06,6.08,6.07,,,,,1.0,,2.0,1.0,1.0,,2.0,1.0,,1.0,,2.0,,,100.0,0.0,,0.0,,,,,,,,,,,,,,1.0,,,3.0,1.0,,,,6.03,,6.04,6.04,,,,,,1.0,,,3.0,,,3.0,,,1.0,,,1.0,,,,,3.0,,,,,100.0,,,0.0,,,100.0,,,,,,,,,1.0,,6.03,6.09,,,,2.0,1.0,2.0,,1.0,,,100.0,,,,,,,,,,,2.0,,,6.4,,,,,,,,2.0,,,,,2.0,,,100.0,,,,,,,,,,,,,,,,,,,,,,,,,,,,,,,,,,,,,,,,,,,,,,3.0,6.04,,,,,,,3.0,,3.0,,100.0,,,,,,,,,,,,,,,,,,,,,,,,,,,,,,,,,,,,,,,,,,,,,,,,,,,,,,,,,,,,,,,,6.08,,,,,,,,,,,,,2.0,2.0,1.0,,100.0,,,,,,,,,1.0,1.0,1.0,2.0,6.03,6.03,1.0,1.0,1.0,2.0,1.0,3.0,1.0,1.0,1.0,1.0,2.0,2.0,100.0,100.0,100.0,0.0,,,,,,,,,,,,,,,,,,,,,,,,,,,,,,,,,,,,,,,,,,,,,,,,,,,,,,,,,,,,,,,,,,,,,,,,,,,,,,,,,,,,,,,,,,,,,,,,,,,,,,,,,,,,,,,,,,,,,,,,,,,,,,,,,,,,,,,,,,,,,,,,,,,,,,,,,,,,,,,,,,,,,,,,,,,,,,,,,,,,,,,,,,,,,,,,,,,,,,,,,,,,,,,,,,,,,,,,,,,,,,,,,,,,,,,,,,,,,,,,,,,,,,,,,,,,,,,,,,,,,,,,,,,,,,,,,,,,,,
320834,Achraf Hakimi,2,DR,Morocco,495,away,True,,,180,78,27,,,,,,,3.0,,1.0,1.0,1.0,,,,,,,1.0,1.0,1.0,,2.0,,,,,,3.0,1.0,1.0,,6.0,6.08,,,6.1,,6.11,6.1,6.07,6.11,,,,,,6.21,6.38,6.38,6.38,,6.32,,6.66,,,,,,6.64,6.68,6.68,,,,,,3.0,,1.0,2.0,1.0,1.0,,,,,,2.0,1.0,2.0,1.0,,2.0,,1.0,,,,,3.0,3.0,1.0,,,,,1.0,,,,,,1.0,,2.0,,,,,1.0,,,1.0,,1.0,3.0,,,,1.0,,,,,,1.0,,2.0,,,,,,,,,,100.0,,,,,,100.0,,100.0,,,,,0.0,,,100.0,,0.0,66.67,,,,,5.0,,2.0,,1.0,,,,,1.0,,1.0,,,,,,6.11,,6.13,,6.1,,6.22,,,,,6.31,6.54,6.54,,6.55,,,,,,,,,1.0,,5.0,,,3.0,,,1.0,,,,1.0,2.0,1.0,1.0,,1.0,,,,,5.0,,2.0,,1.0,,,,,,1.0,,,,,,,1.0,1.0,,5.0,,2.0,,,,,,,,,1.0,,,,,,100.0,,100.0,,0.0,,,,,,100.0,,,,,,,100.0,100.0,,,,,,,,,,,,,,,,,1.0,,1.0,,,,,,,6.08,,6.11,,,,,,,,6.62,,,,,,2.0,,1.0,,2.0,,,,,3.0,,,1.0,,1.0,,,,,,,,1.0,,1.0,,,,2.0,,,100.0,,100.0,,,,,,,,,,,,,2.0,2.0,,1.0,6.09,6.1,6.21,6.34,6.54,,6.64,,,3.0,1.0,2.0,3.0,4.0,,1.0,,2.0,,2.0,1.0,,2.0,,,100.0,,100.0,100.0,,,,,,,,,,,2.0,1.0,1.0,2.0,3.0,3.0,1.0,1.0,1.0,6.09,6.09,6.11,6.33,6.32,6.53,6.53,,,2.0,1.0,2.0,,3.0,1.0,1.0,1.0,1.0,1.0,2.0,2.0,3.0,3.0,1.0,1.0,1.0,1.0,1.0,1.0,1.0,,100.0,100.0,100.0,100.0,100.0,100.0,100.0,100.0,100.0,0.0,,,,,,,,2.0,,6.35,6.65,,,,1.0,4.0,2.0,,2.0,,,100.0,,,,,,,,,,,,,6.1,6.95,,,,,2.0,1.0,3.0,,2.0,3.0,,1.0,,1.0,100.0,,,,,,,,,,,,,,,,,,,,,,,,,,,,8.0,6.23,,,,,9.0,8.0,100.0,,,,,,,,,,,1.0,6.11,6.13,,,,,,1.0,1.0,1.0,8.0,100.0,,,,,,,,,,,,,6.13,,,,,2.0,3.0,,,,,,,,,,,,,,,,,,,,,,,,,,,,,,,,,,,,,,,,,,,,,,,,,,,,,,,,,,1.0,1.0,1.0,,100.0,,,,,,,,,,2.0,2.0,,,6.35,2.0,2.0,2.0,,,1.0,2.0,2.0,2.0,1.0,,1.0,100.0,100.0,,,2.0,2.0,2.0,1.0,2.0,1.0,1.0,1.0,1.0,1.0,3.0,5.0,6.1,6.1,6.1,6.54,6.67,1.0,1.0,1.0,1.0,1.0,1.0,2.0,1.0,1.0,3.0,5.0,2.0,2.0,2.0,1.0,1.0,1.0,1.0,3.0,5.0,2.0,2.0,1.0,2.0,1.0,2.0,1.0,1.0,3.0,1.0,3.0,5.0,1.0,100.0,50.0,100.0,100.0,100.0,100.0,100.0,100.0,100.0,1.0,1.0,1.0,1.0,1.0,1.0,1.0,2.0,1.0,1.0,1.0,1.0,1.0,1.0,1.0,1.0,2.0,1.0,1.0,1.0,0.0,1.0,1.0,1.0,1.0,1.0,1.0,1.0,1.0,1.0,100.0,0.0,0.0,1.0,,,,,,,,,,,,,,,,,,,,,,,,,,,,,,,,,,,,,,,,,,,,,,,,,,,,,,,,,,,,,,,,,,,,,,,,,,,,,,,,,,,,,,,,,,,,,,,,,,,,,,,,,,,,,,,,,,,,,,,,,,,,,,,,,,,,,,,,,,,,,,,,,,,,,,,,,,,,,,,,,,,,,,,,,,,,,,,,,,,,,,,,,
300359,Issa Diop,14,DC,Morocco,495,away,True,,,194,88,29,,,,3.0,4.0,,2.0,,1.0,,,,,,,,,,1.0,,,1.0,1.0,,,,,1.0,1.0,,1.0,6.0,6.07,6.14,,6.13,,6.13,,,,,,,,6.22,,,6.25,,,6.34,6.09,6.09,,,,,,6.18,6.17,6.14,6.2,,3.0,4.0,,2.0,,1.0,,,,,,,,1.0,,,1.0,,,1.0,1.0,1.0,,,,,1.0,1.0,1.0,1.0,4.0,,,1.0,,,,,,,,1.0,1.0,,,,,1.0,3.0,,,,1.0,4.0,,,1.0,,,,,,,,,1.0,,,,,,100.0,,,100.0,,,,,,,,0.0,100.0,,,,,0.0,100.0,,,,100.0,,,,,,,,,,,,,2.0,1.0,,,,,,,,6.14,6.02,,,,,,6.09,,6.24,6.27,6.35,6.01,6.01,,,,,,,,,,,2.0,,,,,,,,,1.0,,1.0,2.0,2.0,1.0,1.0,,,,,,,,,,,,,,,2.0,,,,,,,,,1.0,1.0,3.0,,,,,,,,,,2.0,,,,,,,,,,,,,,,,100.0,,,,,,,,,100.0,100.0,,,,,,,,,,,,,,,,,2.0,,1.0,,,2.0,1.0,,,,,6.03,,,,6.19,6.19,,,6.09,,,,,,,,1.0,,1.0,2.0,1.0,,,3.0,,,2.0,,1.0,,,2.0,1.0,,,,2.0,,1.0,,,,1.0,,,100.0,,100.0,,,0.0,100.0,,,,,,,,,3.0,3.0,,,6.12,6.13,6.25,6.27,6.01,,,,,3.0,1.0,2.0,2.0,3.0,,,,3.0,,3.0,,,2.0,,,66.67,,66.67,,1.0,,,,,,,,,,2.0,5.0,1.0,3.0,4.0,2.0,5.0,1.0,1.0,6.12,6.13,6.03,6.27,6.0,,6.01,,,3.0,5.0,3.0,,4.0,5.0,5.0,1.0,5.0,1.0,2.0,3.0,4.0,2.0,1.0,1.0,5.0,1.0,,4.0,1.0,,100.0,100.0,80.0,100.0,100.0,100.0,100.0,50.0,100.0,0.0,,,,,,,,,,6.25,6.1,,,,2.0,1.0,3.0,,,,,,,,,,,,,,,,2.0,,,6.46,,,,,,,2.0,2.0,2.0,1.0,,1.0,2.0,,50.0,100.0,,,,,,,,,,,,,,,,,,,,,,,,,,,1.0,6.04,,,,,1.0,1.0,100.0,,,,,,,,,,,6.0,6.03,6.03,,,,,,6.0,2.0,6.0,1.0,83.33,,,,,,,,,,,,,6.03,,,,,4.0,4.0,,,,,,,,,,,,,,,,,,,,,,,1.0,,,,,,,2.0,1.0,1.0,2.0,,,,100.0,,,,,,,,,1.0,,,,,,,,,,,,3.0,3.0,1.0,,66.67,,,,,,,,,,2.0,2.0,3.0,,6.26,2.0,2.0,2.0,3.0,,5.0,2.0,2.0,,1.0,3.0,2.0,100.0,100.0,100.0,,1.0,,4.0,3.0,,1.0,2.0,,1.0,3.0,1.0,3.0,6.13,6.13,6.14,6.01,6.1,,,,,,,1.0,3.0,3.0,1.0,3.0,1.0,,4.0,3.0,1.0,2.0,3.0,1.0,3.0,2.0,1.0,,3.0,3.0,3.0,1.0,2.0,1.0,3.0,1.0,3.0,,100.0,,75.0,100.0,100.0,100.0,100.0,100.0,100.0,,,,,,,,,,,,,,,,,,,,,,,,,,,,,,,,,,,1.0,1.0,1.0,1.0,1.0,1.0,0.0,1.0,1.0,1.0,1.0,0.0,1.0,1.0,1.0,1.0,2.0,2.0,1.0,1.0,,,,,,,,,,,,,,,,,,,,,,,,,,,,,,,,,,,,,,,,,,,,,,,,,,,,,,,,,,,,,,,,,,,,,,,,,,,,,,,,,,,,,,,,,,,,,,,,,,,,,,,,,,,,,,,,,,,,,,,,,,,,,,,,,,,,,,,,,,,,,,,,,,,,,,,,,,,,,,,,,,,,,
454342,Chadi Riad,18,DC,Morocco,495,away,True,,,186,78,23,,,,3.0,2.0,,2.0,1.0,,,,,,,,,,,1.0,,,3.0,,,,1.0,,,,,,6.0,6.07,6.14,,6.14,6.14,,,,,,,,,,,,6.17,,,6.35,,6.36,,,,6.45,,,,,6.58,,3.0,2.0,,2.0,1.0,,,,,,,,,,,,1.0,,,3.0,,2.0,,,1.0,,,,,1.0,2.0,,1.0,,,,,,,,,3.0,,,,,,,3.0,,,,,2.0,,1.0,,,,,,,,,3.0,,,,,,,100.0,,100.0,,,,,,,,,100.0,,,,,,,100.0,,,,,,,,,,,,,,,,,1.0,3.0,,1.0,,,,,6.14,6.14,,,,,,,,,,6.34,,,6.36,,6.35,,6.45,6.53,,,,,3.0,2.0,,,,,,,,,,,,2.0,,,3.0,,1.0,,,2.0,1.0,,,,,,,,,1.0,,1.0,,,,1.0,,,1.0,3.0,3.0,,,,,,,,,,,,,,,,1.0,,,,,,,,,,0.0,,0.0,,,,100.0,,,100.0,100.0,,,,,,,,,,,,,,,1.0,,2.0,,3.0,,,,3.0,1.0,,,,6.16,,,,,6.17,,6.53,6.53,,,,,,,,3.0,,1.0,,3.0,,1.0,1.0,1.0,,2.0,,3.0,,,,3.0,1.0,1.0,,1.0,,3.0,,,,,100.0,,50.0,,100.0,,,,100.0,100.0,,,,,,,,3.0,1.0,,,6.08,,,6.27,6.36,,,,,3.0,,,1.0,1.0,,,,1.0,,3.0,,,1.0,,,100.0,,100.0,,,,,,,,,,,,,3.0,,2.0,3.0,1.0,,,2.0,,6.08,6.15,6.18,,,6.35,,,,3.0,2.0,,3.0,,3.0,,,2.0,,2.0,3.0,1.0,,,3.0,,,,2.0,,100.0,,,100.0,,100.0,100.0,100.0,,,,,,,,,,,,,6.36,,,1.0,,,2.0,,,,,,,,,,,,,,,,,,,6.85,,,,,,,2.0,,,2.0,,1.0,,,100.0,,,,,,,,,,,,,,,,,,,,,,,,,,,,2.0,6.16,,,,,2.0,2.0,100.0,,,,,,,,,,,3.0,6.15,6.16,,,,,,3.0,2.0,3.0,2.0,100.0,,,,,,,,,,,,,6.16,,,,,2.0,3.0,,,,,,,,,,,,,,,,,,,,,1.0,1.0,,,,,,,,,,,,,,,,,,,,,,,,,,,,,,,,,,,,1.0,1.0,3.0,,100.0,,,,,,,,,,,4.0,2.0,,6.18,4.0,,4.0,2.0,,3.0,,4.0,,,2.0,1.0,,100.0,100.0,,1.0,,2.0,2.0,,1.0,2.0,,,1.0,3.0,1.0,6.08,6.15,6.14,6.36,6.36,,,,,,,1.0,2.0,1.0,3.0,1.0,1.0,,2.0,2.0,1.0,2.0,1.0,3.0,1.0,3.0,1.0,,2.0,2.0,2.0,1.0,2.0,1.0,1.0,3.0,1.0,,100.0,,100.0,100.0,100.0,100.0,100.0,100.0,100.0,,,,,,,,,,,,,,,,,,,,,,,,,,,,,,,,,,,,,,,,3.0,,,,,,,,,,,,,,,1.0,6.17,1.0,1.0,1.0,1.0,1.0,1.0,100.0,1.0,1.0,1.0,1.0,,,,,,,,,,,,,,,,,,,,,,,,,,,,,,,,,,,,,,,,,,,,,,,,,,,,,,,,,,,,,,,,,,,,,,,,,,,,,,,,,,,,,,,,,,,,,,,,,,,,,,,,,,,,,,,,,,,,,,,,,,,,,,,,,,,,,,,,,,,,,,,,,,,,,,,,
349932,Noussair Mazraoui,3,DL,Morocco,495,away,True,,,183,79,28,,,,2.0,,,1.0,2.0,,1.0,,,,,,,,1.0,3.0,,2.0,2.0,,,,1.0,1.0,,,,,6.0,6.09,,6.14,6.14,6.14,,6.17,,6.22,,6.23,,,6.31,6.31,,6.34,,6.35,6.38,,6.4,6.45,,,6.51,6.51,,,,,,3.0,,1.0,1.0,3.0,,1.0,,1.0,,,,,1.0,1.0,,3.0,,2.0,2.0,,3.0,1.0,,1.0,1.0,,,,,,,2.0,,,,,,,,2.0,2.0,,,,1.0,,,2.0,1.0,,1.0,,,,1.0,,,,,,,,2.0,2.0,,,,1.0,,,,,50.0,,,,,,,,100.0,100.0,,,,100.0,,,100.0,0.0,,100.0,,,,,,1.0,,,2.0,,,,,1.0,2.0,,,1.0,,,,6.1,6.1,,6.23,,,6.24,6.26,,,,6.34,6.38,6.4,6.41,,,6.49,,6.48,,,,,2.0,2.0,,1.0,,,,2.0,2.0,1.0,,,,1.0,1.0,1.0,2.0,,,2.0,,,,1.0,,,2.0,,,,,1.0,,,1.0,,,1.0,,,3.0,2.0,2.0,1.0,,,2.0,,,1.0,,,1.0,,,,,,1.0,,100.0,,,100.0,,,,,100.0,,,0.0,,,100.0,,,100.0,100.0,,,,,,,,,,,,,,,1.0,,,,1.0,,,,1.0,,,,,6.23,,,,,6.31,,,,,,,,,,,1.0,,1.0,1.0,1.0,,,,1.0,,,,1.0,,,,1.0,,1.0,,,,1.0,,,,,100.0,,,,100.0,,,,100.0,,,,,,,,,,,,,,6.11,6.33,,,,,,,,1.0,2.0,,,,,,,,,,,,,,,,,,,,,,,,,,,,,3.0,1.0,2.0,1.0,,,1.0,3.0,,6.09,6.23,6.34,,,6.39,,,,4.0,2.0,,1.0,,3.0,1.0,,2.0,,2.0,1.0,,1.0,,3.0,1.0,,,2.0,,100.0,100.0,,100.0,,100.0,100.0,,100.0,,,,,,,,,,,,6.5,,,,,,1.0,,,,,,1.0,1.0,,,,,,,,,,,,6.71,,,,,1.0,,1.0,,,1.0,,3.0,,,100.0,,,,,,,,,,,,,,,,,,,,,,,,,,,,,,,,,,,,,,,,,,,,,,,,,6.23,,,,,,,1.0,,,,,,,,,,,,,,,,6.23,,,,,1.0,1.0,,,,,,,,,,,,,,,,,,,1.0,,,,,,,,,,,,,,,,,,,,,,,,,,,,,,,,,,,,,,,,,2.0,,,,,,,,,,,2.0,2.0,2.0,1.0,6.24,6.34,2.0,2.0,2.0,1.0,2.0,,2.0,2.0,,1.0,1.0,,100.0,100.0,100.0,100.0,1.0,,1.0,,,1.0,1.0,,,2.0,3.0,2.0,6.09,6.14,,6.4,6.49,,,,,,,1.0,,2.0,3.0,2.0,1.0,,1.0,,1.0,1.0,2.0,3.0,2.0,,1.0,,1.0,,2.0,1.0,,,2.0,3.0,2.0,,100.0,,100.0,,100.0,0.0,100.0,100.0,100.0,,,,,,,,,,,,,,,,,,,,,,,,,,,,,,,,,,,,,1.0,,,1.0,,,,,,,,,,,,,,,,,,,,,,,,,,,,1.0,2.0,1.0,0.0,1.0,1.0,1.0,1.0,1.0,1.0,1.0,1.0,1.0,1.0,1.0,1.0,1.0,1.0,1.0,1.0,1.0,1.0,,,,,,,,,,,,,,,,,,,,,,,,,,,,,,,,,,,,,,,,,,,,,,,,,,,,,,,,,,,,,,,,,,,,,,,,,,,,,,,,,,,,,,,,,,,,,,,,,,,,,,,,,,,,,,,,,,,,,,,,,,,,,,,,,,
486734,Neil El Aynaoui,24,DMC,Morocco,495,away,True,,,185,80,24,,,,3.0,,1.0,5.0,,,1.0,,,1.0,,,,,,,,1.0,1.0,,,,1.0,2.0,1.0,,,,5.99,6.09,,6.33,6.34,,,6.35,,,6.44,,,,,,,,,6.63,6.72,,6.74,6.82,6.84,,6.93,6.93,7.12,,,,,3.0,,4.0,5.0,,,1.0,,,2.0,,,,,,,,,1.0,1.0,,1.0,1.0,,2.0,2.0,1.0,1.0,1.0,,,1.0,,,1.0,,,,,,1.0,1.0,,,,2.0,,,3.0,1.0,,,1.0,,1.0,,,1.0,,,,,,1.0,1.0,,,,2.0,,,,100.0,,,100.0,,,,,,100.0,100.0,,,,100.0,,,66.67,100.0,,,100.0,,,,,1.0,,1.0,1.0,,,,,1.0,2.0,,1.0,,1.0,,,6.13,6.35,,6.53,,6.52,6.55,,6.63,,,6.62,6.72,6.73,6.74,,6.74,,,7.13,,,,,3.0,2.0,,2.0,1.0,,1.0,,1.0,,1.0,,,1.0,1.0,1.0,2.0,,1.0,1.0,1.0,,1.0,1.0,,1.0,1.0,,,,,1.0,,1.0,,1.0,,1.0,,,,2.0,2.0,1.0,,1.0,1.0,,,,,,1.0,,1.0,,1.0,,,,100.0,,100.0,100.0,,,,,100.0,,100.0,,100.0,,0.0,,,,100.0,,,,,,,,,,,,,,,3.0,,2.0,,1.0,,,1.0,4.0,1.0,,,,6.41,6.39,,6.54,6.6,6.61,,7.12,7.12,,,,,,,,2.0,,,1.0,4.0,,2.0,2.0,3.0,,2.0,,1.0,,,1.0,4.0,1.0,3.0,,1.0,,1.0,,,,1.0,100.0,,50.0,,100.0,,,0.0,100.0,100.0,,,,,,,,2.0,,,,6.1,6.1,,,,,,,,2.0,3.0,,,,,,,,,2.0,,,,,,,,100.0,,,,,,,,,,,,2.0,2.0,2.0,1.0,2.0,,1.0,1.0,1.0,6.1,6.1,6.36,6.62,6.72,6.72,6.73,,,2.0,2.0,1.0,,2.0,1.0,2.0,2.0,1.0,1.0,2.0,1.0,2.0,,1.0,,2.0,2.0,1.0,1.0,1.0,,100.0,100.0,100.0,100.0,100.0,100.0,100.0,,100.0,,,,,,,,,2.0,,6.62,,,,,1.0,2.0,,,2.0,,,100.0,,,,,,,,,,,1.0,,,7.32,,,,,,,5.0,1.0,2.0,5.0,,,1.0,,100.0,100.0,,,,,,,,,,,,,,,,,,,,,,,,,,,2.0,6.55,,,,,2.0,2.0,100.0,2.0,,2.0,,100.0,,,1.0,,,1.0,6.47,6.54,,,,1.0,,2.0,5.0,1.0,2.0,100.0,,,,,,,,,,,,,,,,,,3.0,2.0,,1.0,,,,,,,,,,,,,,,,,,,,,,,,,,,,,,,,,,,,,,,,,,,,,,,,,,,,,,,,2.0,2.0,2.0,,100.0,,,,,,,,,,,1.0,,,6.62,1.0,,1.0,,,1.0,,1.0,2.0,1.0,,2.0,,100.0,,,4.0,,3.0,3.0,,,5.0,,1.0,2.0,1.0,2.0,6.12,6.36,6.36,6.73,6.83,,,,,,,4.0,3.0,2.0,1.0,2.0,4.0,,3.0,3.0,,5.0,2.0,1.0,2.0,2.0,4.0,,3.0,3.0,1.0,,5.0,,2.0,1.0,2.0,,100.0,,100.0,100.0,,100.0,100.0,100.0,100.0,,,,,,,,,,,,,,,,,,,,,,,,,,,,,,,,,,,,,,,1.0,4.0,100.0,,,,,,,,,,,,,,,,,,,,,1.0,,,,,,,,,,,,,,,,,,,,,,,,,,,,1.0,1.0,1.0,1.0,1.0,1.0,1.0,1.0,1.0,1.0,1.0,1.0,1.0,1.0,1.0,100.0,100.0,100.0,1.0,1.0,,,,,,,,,,,,,,,,,,,,,,,,,,,,,,,,,,,,,,,,,,,,,,,,,,,,,,,,,,,,,,,,,,,,,,,,,,,,,,,,,,,,,,,,,,,,,,,,,,,,,,,,,,,,,,
504830,Ayyoub Bouaddi,6,DMC,Morocco,495,away,True,,,185,75,18,,,,1.0,1.0,,1.0,2.0,2.0,,,,,,,,,1.0,,,1.0,,,,,,,2.0,,,,6.0,6.1,6.08,,6.09,6.1,6.11,6.21,,,,,,,,6.17,,,,6.14,,,,,,,,,6.25,6.3,,,,1.0,2.0,,1.0,2.0,2.0,1.0,1.0,,,,,,,1.0,,,,1.0,,,,,,,,2.0,1.0,,,1.0,,2.0,2.0,,,,,,,1.0,,,,,,,,1.0,,,1.0,2.0,1.0,,2.0,2.0,,,,,,,1.0,,,,,,,,100.0,,100.0,100.0,,,,,,,100.0,,,,,,,,100.0,,,100.0,100.0,,,,,4.0,,,1.0,,,,,,1.0,,2.0,1.0,,,,6.11,6.11,,6.21,,,6.17,,,,6.15,,,,6.15,,6.15,6.24,,,,,,,2.0,1.0,,4.0,,,,,2.0,,,,,,,,1.0,,2.0,2.0,,,,4.0,,,1.0,,,,,,,2.0,1.0,,,,,,,1.0,1.0,4.0,,,1.0,,,1.0,,,,,2.0,1.0,,,,,100.0,,,100.0,,,,,,,100.0,100.0,,,,,,,100.0,,,,,,,,,,,,,,,2.0,,1.0,,2.0,,,,,,,,,6.2,,,,,,,,,,,,,,,,2.0,,1.0,,,,,,2.0,,1.0,,2.0,,,,,,2.0,,1.0,,1.0,,,,2.0,100.0,,100.0,,50.0,,,,,,1.0,,,,,,,,1.0,,,,6.12,6.15,6.13,6.14,,,,,,2.0,1.0,2.0,1.0,,,,1.0,,,,,,,,0.0,,,,,,,,,,,,,,,1.0,2.0,2.0,3.0,2.0,1.0,,,,6.11,6.21,6.12,6.14,,6.15,,,,1.0,2.0,,3.0,1.0,1.0,2.0,1.0,,,2.0,3.0,2.0,,,1.0,2.0,,1.0,,,100.0,100.0,100.0,,,50.0,66.67,100.0,,,,,,,,,,,,,,,,,,,,,,,,,,,,,,,,,,,,,,6.5,,,,,,,1.0,,,1.0,,,,,100.0,,,,,,,,,,,,,,,,,,,,,,,,,,,,4.0,6.21,,,,,4.0,4.0,100.0,,,,,,,,,,,1.0,6.21,6.2,,,,,,1.0,3.0,1.0,4.0,100.0,,,,,,,,,,,,,6.21,,,,,3.0,2.0,,,,,,,,,,,,,,,,,,,,,,,,,,,,,,,,,,,,,,,,,,,,,,,,,,,,,,,,,,,,1.0,,,,,,,,,,,,1.0,2.0,,,6.16,2.0,1.0,2.0,,,1.0,1.0,2.0,,,,,100.0,100.0,,,1.0,,3.0,1.0,,1.0,2.0,,,2.0,4.0,4.0,6.11,6.1,6.21,6.16,6.25,,,,,1.0,,1.0,1.0,2.0,4.0,4.0,1.0,,3.0,1.0,1.0,2.0,2.0,4.0,4.0,,1.0,,3.0,1.0,1.0,1.0,1.0,2.0,2.0,4.0,4.0,,100.0,,100.0,100.0,100.0,50.0,100.0,100.0,100.0,,,,,,,,,,,,,,,,,,,,,,1.0,1.0,1.0,,,,,,,,,,,,,,,,,,,,,,,,,,,,,,,,,,,,,,,,,,,,,,,,,,,,,,,,,,,,,,,,,,,,,,,,,,,,,,,,,,,,,,1.0,1.0,1.0,1.0,1.0,1.0,1.0,100.0,1.0,1.0,1.0,1.0,1.0,1.0,100.0,0.0,,,,,,,,,,,,,,,,,,,,,,,,,,,,,,,,,,,,,,,,,,,,,,,,,,,,,,,,,,,,,,,,,,,,,,,,,,,,,,,,,,,,,,,,,,,,,,
317541,Brahim Díaz,10,AMR,Morocco,495,away,True,,89.0,170,68,26,,,,,,,1.0,,3.0,1.0,,,2.0,,,,,,1.0,,,,,,,,,,,,,6.0,6.86,,,6.88,,6.89,6.91,,,7.0,,,,,,,7.43,7.4,,,7.54,7.5,,,,,,,,,,,,,,1.0,,3.0,1.0,,,2.0,,,,,,,1.0,1.0,,,1.0,1.0,,,,,,,,,,,,3.0,2.0,,,,,,,,,,,,,,,1.0,,,,,,,3.0,2.0,,,,,,,,,,,,,,,,,100.0,100.0,,,,,,,,,,,,,,,100.0,,,,,,,,1.0,,3.0,,,,,,,,,2.0,,,,,,6.89,,7.0,,7.14,,,,,7.46,,,7.37,,,7.55,7.51,,,,,,,,1.0,,1.0,,,4.0,,,,,,1.0,,,2.0,,,2.0,,,,,1.0,,2.0,,,,,,,,2.0,,,,,,,1.0,,,1.0,,2.0,,,,,,,,,2.0,,,,,,100.0,,100.0,,,,,,,,100.0,,,,,,,100.0,,,,,,,,,,,,,,,,,,1.0,,,,,,2.0,,,,,,,,,,7.29,7.43,,,,,,,,,,,,1.0,,2.0,2.0,,,,,1.0,,,,,,2.0,,,,1.0,,,,,,,,,100.0,,,,,,100.0,,,,,,,,,3.0,,,,6.87,6.88,,,7.57,7.59,,,,3.0,3.0,,1.0,2.0,,,,,,3.0,,,,,,,,100.0,,,,,,,,,,,,,1.0,3.0,,2.0,,,2.0,,6.87,6.88,,7.4,,7.37,7.37,,,2.0,1.0,,,2.0,,1.0,3.0,,,,,2.0,,2.0,,1.0,2.0,1.0,,,,100.0,66.67,,,,,100.0,,50.0,,,,,,,,1.0,,7.43,,,,,2.0,,1.0,,1.0,,,100.0,,,,,,,,,,,,,,6.88,,,,,,1.0,,1.0,,,1.0,,1.0,,,100.0,,,,,,,,,,,,,,,,,,,,,,,,,,,,,7.29,,,,,2.0,,,,,,,,,,,,,1.0,6.91,6.99,,,,,,1.0,2.0,1.0,,100.0,,,,,,,,,,,,,6.99,,,,,1.0,2.0,,,,,,,,,,,,,,,,,,,,,,,,,,,,,,,,,,,,,,,,,,,,,,,,,,,,,,,,,,,,,,,,,,,,,,,,,,,,,,,,,,1.0,,,,1.0,,,,,,,2.0,1.0,1.0,1.0,,,2.0,,,1.0,,2.0,6.88,6.89,6.91,,7.51,,,,,,,2.0,1.0,1.0,,2.0,2.0,1.0,1.0,1.0,,2.0,1.0,,2.0,3.0,2.0,1.0,1.0,1.0,,,2.0,,1.0,,2.0,,100.0,100.0,100.0,100.0,,100.0,100.0,,100.0,,,,,,,,,,,,,,,,,,,,,,,,,,,,,,,,,,,,,,,,2.0,,,,,,,,,,,,,,,,,,,,,,,,,,,,,,,,,,,,,,,,,,,,,,,,,,,,,,,,,,,,,,,,,,,,,,1.0,,,,1.0,1.0,1.0,100.0,,,,,,,,,2.0,1.0,1.0,1.0,1.0,1.0,1.0,1.0,1.0,100.0,1.0,1.0,100.0,1.0,1.0,1.0,1.0,2.0,1.0,1.0,1.0,1.0,1.0,50.0,100.0,100.0,0.0,1.0,1.0,1.0,1.0,,,,,,,,,,,,,,,,,,,,,,,,,,,,,,,,,,,,,,,,,,,,,,,,,,,,,,,,,,,,,,,
392361,Azzedine Ounahi,8,AMC,Morocco,495,away,True,,95.0,182,65,26,,,,2.0,1.0,1.0,,,,,,,,,,,,,4.0,,1.0,1.0,,,,,1.0,,,,,6.0,6.14,6.16,6.32,,,,,,,,,,,,,,6.55,,6.68,6.69,,6.67,,6.63,,,6.62,,,,,,2.0,1.0,2.0,,,,,,,,,,,,,,4.0,,1.0,1.0,,1.0,,,,1.0,,,,,1.0,1.0,,,,,,,,,1.0,1.0,,,,1.0,,,2.0,,,,,1.0,1.0,,,,,,,,,1.0,1.0,,,,,,,100.0,100.0,,,,,,,,,100.0,100.0,,,,0.0,,,100.0,,,,,,,,,6.0,,,,,,,,,1.0,,1.0,,,,,,,,6.34,,,,,6.45,,,,,6.68,6.67,,6.67,,,,,,,,,,,6.0,,,,1.0,,,1.0,,,,,3.0,1.0,,1.0,,1.0,,,6.0,,,,,,,,,,1.0,,,,,,,4.0,1.0,2.0,6.0,,,,,,,,,,,1.0,,,,,,100.0,,,,,,,,,,100.0,,,,,,,100.0,0.0,,,,,,,,,,,,,,,,1.0,,,1.0,,,,,,6.33,,,6.32,,,,,6.53,6.54,6.71,,,,,,1.0,,,2.0,,,,3.0,1.0,,,,1.0,,,1.0,,,,,,,,,,1.0,,,,,,0.0,,,100.0,,,,,,,,,,,,,1.0,,,,6.14,6.15,,6.68,,,,,,1.0,3.0,,5.0,,,,,,,1.0,,,,,,,,100.0,,,,,,,,,,,,,2.0,3.0,1.0,1.0,5.0,,2.0,1.0,,6.14,6.33,6.59,,6.68,6.7,,,,2.0,1.0,,1.0,,2.0,3.0,,1.0,,1.0,1.0,5.0,2.0,,2.0,3.0,,,1.0,,100.0,100.0,,100.0,,100.0,100.0,80.0,100.0,,,,,,,,,3.0,,6.58,6.67,,,,1.0,3.0,1.0,,3.0,,,66.67,,,,,,,,,,,,,6.33,,,,,,2.0,,,,,,,4.0,,,,,,,,,,,,1.0,,,,,,,1.0,,,,,,,100.0,,,,,9.0,6.37,,,,,9.0,9.0,100.0,,,,,,,,,,1.0,,,6.34,,,,,,,3.0,,9.0,,,,,,,,,,,,,,,,,,,2.0,1.0,,,,,,,,,,,,,,,,,,,,,,,,,,,,,,,,,,,,,,,,,,,,,,,,,,,,,,,,,,,,,,,,,,,,,,,1.0,,,1.0,6.35,,,,,1.0,1.0,,,,2.0,2.0,,,,,0.0,100.0,3.0,2.0,2.0,3.0,,,3.0,,,2.0,3.0,3.0,6.15,6.34,6.33,6.7,6.68,,,,,,,3.0,3.0,2.0,3.0,3.0,3.0,2.0,2.0,3.0,,3.0,2.0,3.0,3.0,1.0,3.0,2.0,2.0,2.0,1.0,,3.0,4.0,2.0,3.0,3.0,,100.0,100.0,100.0,66.67,,100.0,100.0,100.0,100.0,1.0,,,,,,,,,,,,,,,,,,,,0.0,,,,,,,,,,,,,,,,,,,,,,,,,,,,,,,,,,,,,,,,,,,,,,,,1.0,,,,,,,,,,,,,,,,,,,,,,,,,,,,,,,,,,,,,,,,,,,,,,,,,,,,,,,,,1.0,,,1.0,,1.0,,,,100.0,,,,,,,,,,,,,,,,,,,,,,1.0,1.0,1.0,1.0,0.0,1.0,1.0,1.0,1.0,1.0,1.0,,,,,,,,,,,,,,,,,,,,,,,,,,,,,,,,,,,,,,,,,,,,,,,,,,,,
433572,Bilal El Khannouss,23,AML,Morocco,495,away,True,,89.0,180,70,22,,,,,,2.0,,,,1.0,,,,1.0,,,,1.0,,,2.0,,,,,,,,,,,6.0,6.14,,6.1,,,6.12,6.22,,,,6.04,,,,6.04,6.34,,,6.34,,,6.37,6.34,6.32,,,,,,,,,,,2.0,,,2.0,2.0,,,,1.0,,,,1.0,1.0,1.0,,2.0,,,1.0,,,,,,,,,,2.0,,,,1.0,,,,,1.0,,,,,,,,,1.0,,1.0,,,1.0,,,,,,,,,1.0,,,,,,,,,50.0,,,,0.0,,,,,100.0,,,,,,,,,100.0,,0.0,,,,,,1.0,,,1.0,,,,,1.0,1.0,,,1.0,1.0,,,6.1,6.21,,6.22,,,6.05,,,,6.09,6.34,6.34,6.36,6.37,,,6.33,,,,,,,4.0,1.0,,1.0,1.0,,,1.0,1.0,,,,1.0,1.0,1.0,1.0,2.0,,,1.0,1.0,,,1.0,,,1.0,,,,,1.0,,,1.0,,,,,,,1.0,,1.0,,,1.0,,,,,,,,,,,,,,100.0,,,100.0,,,,,0.0,,,0.0,,,,,,,100.0,,,,,,,,,,,,,,,2.0,,,,,,,,1.0,,,,,,,6.04,,,6.05,,,,,,,,,,,,,2.0,,1.0,,,,2.0,,,,,,,,1.0,,2.0,,,,,,,,,100.0,,,,,,,,100.0,,,,,,,,,,,,,,6.11,6.17,6.36,,6.41,,,,,1.0,2.0,2.0,,,,,,,,,,,,,,,,,,,,,,,,,,,,,1.0,,,2.0,,1.0,1.0,,,,,,,6.35,,,,,,,,,,1.0,,1.0,,,,2.0,1.0,,,1.0,1.0,,1.0,,,100.0,,100.0,,,,100.0,100.0,,,,,,,,,,,6.35,,,,,1.0,,,,,,,,,,,,,,,,,,1.0,,,,,,,,,,,1.0,,,,,1.0,,,100.0,,,,,,,,,,,,,,,,,,,,,,,,,,,,,,,,,,,,,,,,,,,,,,,,6.21,,,,,,,1.0,,,,,,,,,,,,,,,,6.2,,,,,,,,,,,,,,,,,,,,,,,,,,,,,,,,,,,,,,,,,,,,,,,,,,,,,,,,,,,,,,,,,,1.0,,,,,,,,,,,1.0,2.0,,,6.04,,,2.0,,,1.0,,2.0,,,1.0,,,100.0,,,100.0,5.0,,,,,2.0,1.0,,1.0,2.0,5.0,1.0,6.15,,,6.36,6.33,,,,,,,5.0,,2.0,5.0,1.0,5.0,,,,2.0,1.0,2.0,5.0,1.0,,5.0,,,,,,1.0,2.0,2.0,5.0,1.0,,100.0,,,,0.0,100.0,100.0,100.0,100.0,,,,,,1.0,,,,,,,,,1.0,,,,,,,,,,,,,,,,,,,,,,,1.0,1.0,1.0,100.0,,,,,,,,,,,,,,,,,,,,,,,,,,,,1.0,,,,,,,,,,,,,,,,,,,,,,,,,1.0,,,,,,,1.0,,,,,,0.0,,,1.0,,,,1.0,1.0,1.0,100.0,,,,,,,,,,,,,,,,,,,,,,,,,,,,,,,,,,,,,,,,,,,,,,,,,,,1.0,1.0,1.0,1.0,1.0,1.0,1.0,1.0,100.0,1.0,1.0,1.0,1.0,1.0,,,,,,,,,,,,,,,,,,,,,,,,,,,,,,,,,,,,,,
404776,Ismael Saibari,11,FW,Morocco,495,away,True,,89.0,185,81,25,,,,2.0,,2.0,,,1.0,,,,1.0,,,,,,,,,,,,,,,,,,,6.0,7.0,,6.87,,,6.87,,,,6.86,,,,,,,7.31,,,,,,,7.31,,,,,,,,,2.0,,2.0,,,1.0,,,,1.0,,,,,,,1.0,,,,,,,,,,,,,,,2.0,,1.0,1.0,,,,,,,,,,,,,,2.0,,,,,,2.0,,1.0,1.0,,,,,,,,,,,,,,,100.0,,100.0,100.0,,,,,,,,,,,,,,100.0,,,,,,,,,1.0,,,2.0,,,,,,,,,1.0,1.0,,,,6.87,,6.87,,,7.18,7.32,,,,,,,,,,7.3,,,,,,,,2.0,,1.0,1.0,,,,3.0,1.0,,,,,,,,,,1.0,1.0,,,1.0,,,2.0,,,,,,,,1.0,1.0,,,,,,,2.0,1.0,,,,,,,,,,,,,1.0,,,,100.0,,,0.0,,,,,,,,0.0,100.0,,,,,,,,,,,,,,,,,,,,,,1.0,2.0,,,,1.0,,1.0,,6.86,,,,,7.06,,,7.32,,,,,,,,1.0,,,,,1.0,,1.0,,,,,1.0,2.0,,,,1.0,,1.0,,,1.0,2.0,,,,1.0,,,,100.0,100.0,,,,100.0,,100.0,,,1.0,,,,,,,,,,,6.98,,,,7.36,,,,,1.0,1.0,,,,,,,,,,,,,,,,,,,,,,,,,,,,,1.0,1.0,,,,,,,,6.98,,,,,,,,,2.0,,,,,1.0,1.0,,,,,,,,,1.0,1.0,,,,,100.0,100.0,,,,,,,,,,,,,,,1.0,,7.32,,,,,1.0,,,,1.0,,,100.0,,,,,,,,,,,,,,,,,,,,,,,,,,,,,,,,,,,,,,,,,,,,,,,,,,,,,,,,,,,,,,,,,,,,,,,,,,,,,1.0,6.86,,,,,,,1.0,,1.0,,0.0,,,,,,,,,,,,,6.87,,,,,1.0,,,,,,,,,,,,,,,,,,,,,,,,,,,,,,,,,,,,,,,,,,,,,,,,,,,,,,,,,,,,,,,,,,,,,,,,,,,,,,,,,,,,,,,,,,,,,,,,1.0,,,1.0,,,,,1.0,2.0,,6.87,,7.31,7.31,,,,,,,,,,1.0,2.0,,,1.0,,1.0,,,1.0,2.0,,,,1.0,,,1.0,,,,1.0,2.0,,,,100.0,,100.0,,,100.0,100.0,,,,,,,,,,,,,,,,,,,,,,,,,,,,,,,,,,,,,,,,1.0,,,,,,,,,,,,,,,,,,,,,,,,,,,,,,,,,,,,,,,,,,,,,,,,,,,,,,,,,,,,,,,,,,,,,,,,,,1.0,,,,,,,,,,,,,,,,1.0,,,,,,,,,,,,,,,,,,,,,,,,,,,,,,,,,,,,,,,,,,,,,,,,,,,,1.0,1.0,1.0,1.0,1.0,1.0,1.0,1.0,1.0,1.0,1.0,100.0,1.0,1.0,,,,,,,,,,,,,,,,,,,,,,,,
476110,Chemsdine Talbi,7,Sub,Morocco,495,away,False,89.0,,175,70,21,,,,,,,,,,,,,,,,,,,,,,,,,,,1.0,,,1.0,,,,,,,,,,,,,,,,,,,,,,,,,,,,,6.01,6.04,,6.13,,,,,,,,,,,,,,,,,,,,,,,,,,,,1.0,1.0,,2.0,,,,,,,,,,,,,,,,,1.0,1.0,,,,,,,,,,,,,,,,,,,,,,1.0,1.0,,,,,,,,,,,,,,,,,100.0,100.0,,,,,,,,,,,,,,,,,,,,,,,,,,,,,,,,,,,,,,,,,,,,,,,,,,,,,,,,,,,,,,,,,,,,,,,,,,,,,,,,,,,,,,,,,,,,,,,,,,,,,,,,,,,,,,,,,,,,,,,,,,,,,,,,,,,,,,,,,,,,,,,,,,,,,,,,,,,,,,,,,,,,,,,,,,,,,,,,,,,1.0,1.0,,,,,,,,,,,,,,,,,,,,,,,,,,,,,,,,,,,,,,,,,,,,,,6.0,,,,,,,,,,,,,,,,,,,,,,,,,,,,,,,,,,,,,,,,,,,,,,,,,,,,,,,,,,,,,,,,,,,,,,,,,,,,,,,,,,,,,,,,,,,,,,,,,,,,,,,,,,,,,,,,,,,,,,,6.16,,,,,,,,,,,,,,,,,,,,,,,,,,,,,,,,,,,,,,,,,,,,,,,,,,,,,,,,,,,,,,,,,,,,,,,,,,,,,,,,,,,,,,,,,,,,,,,,,,,,,,,,,,,,,,,,,,,,,,,,,,,,,,,,,,,,,,,,,,,,,,,,,,,,,,,,,,,,,,,,,,,,,,,,,,,,,,,,,,,,,,,,,,,,,,,,,,,,,,,,,,,,,,,,,,,,,,,,,,,,,,,,,,,,,,,,,,,,,,,,,,,,,,,,,,,,,,,,,,,,,,,,,,,,,,,,,,,,,,,,,,,,,,,,,,,,,,,,,,,,,,,,,,,,,,,,,,,,,,,,,,,,,,,,,,,,,,,,,,,,,,,,,,,,,,,,,,,,,,,,,,,,,,,,,,,,,,,,,,,,,,,,,,,,,,,,,,,,,,,,,,,,,,,,,,,,,,,,,,,,,,,,,,,,,,,,,,,,,,,,1.0,1.0,1.0,1.0,1.0,1.0,1.0,,,,,,,,,,,,,,,,,
512740,Samir El Mourabet,15,Sub,Morocco,495,away,False,95.0,,187,72,20,,,,,,,,,,,,,,,,,,,,,,,,,,,,1.0,1.0,1.0,,,,,,,,,,,,,,,,,,,,,,,,,,,,,,6.18,6.18,6.2,,,,,,,,,,,,,,,,,,,,,,,,,,,,,1.0,1.0,1.0,,,,,,,,,,,,,,,,,,1.0,,,,,,1.0,,,,,,,,,,,,,,,,,1.0,,,,,,,,,,,,,,,,,,100.0,,,,,,100.0,,,,,,,,,,,,,,,,,,,,,,,,,,,,,,,,,,,,,,,,,,,,,,,,,,,,,,,,,,,,,,,,,,,,,,,,,,,,,,,,,,,,,,,,,,,,,,,,,,,,,,,,,,,,,,,,,,,,,,,,,,,,,,,,,,,,,,,,,,,,,,,,,,,1.0,,,,,,,,,,,6.09,,,,,,,,,,,,,,,1.0,,,,,,,,,,,1.0,,,,,,,,,1.0,,,,,,,,,,100.0,,,,,,,,,,,2.0,,,,,,,6.09,,,,,,,,,2.0,,,,,2.0,,,,,,,,100.0,,,,,,,,,,,,,,,,,,,,,,,,,,,,,,,,,,,,,,,,,,,,1.0,,,,,,,,,,,,,,,,100.0,,,,,,,,,,,,,,,,,,,,,,,,,,,,,,,,,,,,6.23,,,,,,,,,,,,,,2.0,,,,,,,,,,,,,,,,,,,,,,,,,,,,,,,,,,,,,,,,,,,,,,,,,,,,,,,,,,,,,,,,,,,,,,,,,,,,,,,,,,,,,,,,,,,,,,,,,,,,,,,,,,,,,,,,,,,,,,,,,,,,,,,1.0,,,,,,,,,,,,,,,,,,,,,,,,,,,,,,,,,,,,,,,,,,,,,,,,,,,,,,,,,,,,,,,,,,,,,,,,,,,,,,,,,,,,,,,,,,,,,,,,,,,,,,,,,,,,,,,,,,,,,,,,,,,,,,,,,,,,,,,,,,,,,,,,,,,,,,,,,,,,,,,,,,,,,1.0,,,,,,,,,,,,,,,,,,,,,,,,,,,,,,,,,,,,,,,,,,,,,,,,,,,,,,,,,,,,,,,,,,,,,,,,,,,,,,,,,,,,,,,,,,,,,,,,,,,,,,,,,,,,,,,,,,,,,,,,,,,,,,,,,,,,,,,,,,,,,1.0,1.0,,,,,,,,,,,,,,,
430982,Soufiane Rahimi,9,Sub,Morocco,495,away,False,89.0,,180,75,30,,,,,,,,,,,,,,,,,,,,,,,,,,,,,,,,,,,,,,,,,,,,,,,,,,,,,,,,,,5.98,,,,,,,,,,,,,,,,,,,,,,,,,,,,,,,,,1.0,,,,,,,,,,,,,,,,,,,,,,,,,,,,,,,,,,,,,,,,,,,,,,,,,,,,,,,,,,,,,,,,,,,,,,,,,,,,,,,,,,,,,,,,,,,,,,,,,,,,,,,,,,,,,,,,,,,,,,,,,,,,,,,,,,,,,,,,,,,,,,,,,,,,,,,,,,,,,,,,,,,,,,,,,,,,,,,,,,,,,,,,,,,,,,,,,,,,,,,,,,,,,,,,,,,,,,,,,,,,,,,,,,5.98,,,,,,,,,,,,,,,1.0,,,,,,,,,,,,,,,,,,,,,,,,,,,,,,,,,,,,,,,,,,,,,,6.0,,,,,,,,,,,,,,,,,,,,,,,,,,,,,,,,,,,,,,,,,,,,,,,,,,,,,,,,,,,,,,,,,,,,,,,,,,,,,,,,,,,,,,,,,,,,,,,,,,,,,,,,,,,,,,,,,,,,,,,6.06,,,,,,1.0,,,,,,,,,,,,,,,,,,,,,,,,,,,,,,,,,,,,,,,,,,,,,,,,,,,,,,,,,,,,,,,,,,,,,,,,,,,,,,,,,,,,,,,,,,,,,,,,,,,,,,,,,,,,,,,,,,,,,,,,,,,,,,,,,,,,,,,,,,,,,,,,,1.0,1.0,,,,,,,,,,,,,,,,,,,,,,,,,,,,,,,,,,,,,,,,,,,,,,,,,,,,,,,,,,,,,,,,,,,,,,,,,,,,,,,,,,,,,,,,,,,,,,,,,,,,,,,,,,,,,,,,,,,,,,,,,,,,,,,,,,,,,,,,,,,,,,,,,,,,,,,,,,,,,,,,,,,,,,,,,,,,,,,,,,,,,,,,,,,,,,,,,,,,,,,,,,,,,,,,,,,,,,,,,,,,,,,,,,,,,,,,,,,,,,,,,,,,,,,,,,,,,,,,,,,,,,,,,,,,,,,,,,,,,,,,,,,,,,,,,,,,,,,,,1.0,1.0,,,,,,,,,,,,,
605380,Ayoube Amaimouni-Echghouyab,21,Sub,Morocco,495,away,False,89.0,,179,70,21,,,,,,,,,,,,,,,,,,,,,,,,,,,,1.0,,,,,,,,,,,,,,,,,,,,,,,,,,,,,,,,6.13,6.12,6.16,,,,,,,,,,,,,,,,,,,,,,,,,,,,,1.0,1.0,1.0,,,,,,,,,,,,,,,,,,,,,,,,1.0,,,,,,,,,,,,,,,,,,,,,,,,,,,,,,,,,,,,,,,,,100.0,,,,,,,,,,,,,,,,,,,,,,,,,,,,,,,,,,,,,,,,,,,,,,,,,,,,,,,,,,,,,,,,,,,,,,,,,,,,,,,,,,,,,,,,,,,,,,,,,,,,,,,,,,,,,,,,,,,,,,,,,,,,,,,,,,,,,,,,,,,,,,,,,,,,,,,,,,,,,,,5.97,,,,,,,,,,,,,,,1.0,,,,,,,,,,,,,,,,,,,1.0,,,,,,,,,,,,,,,,,,,,,2.0,,,,,,5.98,6.12,,,,,,,,,5.0,,,,,2.0,,,,,,,,100.0,,,,,,,,,,,,,,,,,,,,,,,,,,,,,,,,,,,,,,,,,,,,,,,,,,,,,,,,,,,,,,,,,,,,,,,,,,,,,,,,,,,,,,,,,,,,,,,,6.19,,,,,,,,,,,,,,2.0,,,,,,,,,,,,,,,,,,,,,,,,,,,,,,,,,,,,,,,,,,,,,,,,,,,,,,,,,,,,,,,,,,,,,,,,,,,,,,,,,,,,,,,,,,,,,,,,,,,,,,,,,,,,,,,,,,,,,,,,,,,,,,,,,,,,,,,,,,,,,,,,,,,,,,,,,,,,,,,,,,,,,,,,,,,,,,,,,,,,,,,,,,,,,,,,,,,,,,,,,,,,,,,,,,,,,,,,,,,,,,,,,,,,,,,,,,,,,,,,,,,,,,,,,,,,,,,,,,,,,,,,,,,,,,,,,,,,,,,,,,,,,,,,,,,,,,,,,,,,,,,,,,,,,,,,,,,,,,,,,,,,,,,,,,,,,,,,,,,,,,,,,,,,,,,,,,,,,,,,,,,,,,,,,,,,,,,,,,,,,,,,,,,,,,,,,,,,,,,,,,,,,,,,,,,,,,,,,,,,,,,,,,,,,,,,,,,,,1.0,1.0,1.0,1.0,2.0,1.0,1.0,1.0,1.0,1.0,50.0,0.0,0.0
467223,Amine Sbaï,17,Sub,Morocco,495,away,False,,,175,72,25,,,,,,,,,,,,,,,,,,,,,,,,,,,,,,,,,,,,,,,,,,,,,,,,,,,,,,,,,,,,,,,,,,,,,,,,,,,,,,,,,,,,,,,,,,,,,,,,,,,,,,,,,,,,,,,,,,,,,,,,,,,,,,,,,,,,,,,,,,,,,,,,,,,,,,,,,,,,,,,,,,,,,,,,,,,,,,,,,,,,,,,,,,,,,,,,,,,,,,,,,,,,,,,,,,,,,,,,,,,,,,,,,,,,,,,,,,,,,,,,,,,,,,,,,,,,,,,,,,,,,,,,,,,,,,,,,,,,,,,,,,,,,,,,,,,,,,,,,,,,,,,,,,,,,,,,,,,,,,,,,,,,,,,,,,,,,,,,,,,,,,,,,,,,,,,,,,,,,,,,,,,,,,,,,,,,,,,,,,,,,,,,,,,,,,,,,,,,,,,,,,,,,,,,,,,,,,,,,,,,,,,,,,,,,,,,,,,,,,,,,,,,,,,,,,,,,,,,,,,,,,,,,,,,,,,,,,,,,,,,,,,,,,,,,,,,,,,,,,,,,,,,,,,,,,,,,,,,,,,,,,,,,,,,,,,,,,,,,,,,,,,,,,,,,,,,,,,,,,,,,,,,,,,,,,,,,,,,,,,,,,,,,,,,,,,,,,,,,,,,,,,,,,,,,,,,,,,,,,,,,,,,,,,,,,,,,,,,,,,,,,,,,,,,,,,,,,,,,,,,,,,,,,,,,,,,,,,,,,,,,,,,,,,,,,,,,,,,,,,,,,,,,,,,,,,,,,,,,,,,,,,,,,,,,,,,,,,,,,,,,,,,,,,,,,,,,,,,,,,,,,,,,,,,,,,,,,,,,,,,,,,,,,,,,,,,,,,,,,,,,,,,,,,,,,,,,,,,,,,,,,,,,,,,,,,,,,,,,,,,,,,,,,,,,,,,,,,,,,,,,,,,,,,,,,,,,,,,,,,,,,,,,,,,,,,,,,,,,,,,,,,,,,,,,,,,,,,,,,,,,,,,,,,,,,,,,,,,,,,,,,,,,,,,,,,,,,,,,,,,
425471,Redouane Halhal,25,Sub,Morocco,495,away,False,,,189,82,23,,,,,,,,,,,,,,,,,,,,,,,,,,,,,,,,,,,,,,,,,,,,,,,,,,,,,,,,,,,,,,,,,,,,,,,,,,,,,,,,,,,,,,,,,,,,,,,,,,,,,,,,,,,,,,,,,,,,,,,,,,,,,,,,,,,,,,,,,,,,,,,,,,,,,,,,,,,,,,,,,,,,,,,,,,,,,,,,,,,,,,,,,,,,,,,,,,,,,,,,,,,,,,,,,,,,,,,,,,,,,,,,,,,,,,,,,,,,,,,,,,,,,,,,,,,,,,,,,,,,,,,,,,,,,,,,,,,,,,,,,,,,,,,,,,,,,,,,,,,,,,,,,,,,,,,,,,,,,,,,,,,,,,,,,,,,,,,,,,,,,,,,,,,,,,,,,,,,,,,,,,,,,,,,,,,,,,,,,,,,,,,,,,,,,,,,,,,,,,,,,,,,,,,,,,,,,,,,,,,,,,,,,,,,,,,,,,,,,,,,,,,,,,,,,,,,,,,,,,,,,,,,,,,,,,,,,,,,,,,,,,,,,,,,,,,,,,,,,,,,,,,,,,,,,,,,,,,,,,,,,,,,,,,,,,,,,,,,,,,,,,,,,,,,,,,,,,,,,,,,,,,,,,,,,,,,,,,,,,,,,,,,,,,,,,,,,,,,,,,,,,,,,,,,,,,,,,,,,,,,,,,,,,,,,,,,,,,,,,,,,,,,,,,,,,,,,,,,,,,,,,,,,,,,,,,,,,,,,,,,,,,,,,,,,,,,,,,,,,,,,,,,,,,,,,,,,,,,,,,,,,,,,,,,,,,,,,,,,,,,,,,,,,,,,,,,,,,,,,,,,,,,,,,,,,,,,,,,,,,,,,,,,,,,,,,,,,,,,,,,,,,,,,,,,,,,,,,,,,,,,,,,,,,,,,,,,,,,,,,,,,,,,,,,,,,,,,,,,,,,,,,,,,,,,,,,,,,,,,,,,,,,,,,,,,,,,,,,,,,,,,,,,,,,,,,,,,,,,,,,,,,,,,,,,,,,,,,,,,,,,,,,,,,,,,,,,,,,,,,,
346110,Ayoub El Kaabi,20,Sub,Morocco,495,away,False,,,182,80,32,,,,,,,,,,,,,,,,,,,,,,,,,,,,,,,,,,,,,,,,,,,,,,,,,,,,,,,,,,,,,,,,,,,,,,,,,,,,,,,,,,,,,,,,,,,,,,,,,,,,,,,,,,,,,,,,,,,,,,,,,,,,,,,,,,,,,,,,,,,,,,,,,,,,,,,,,,,,,,,,,,,,,,,,,,,,,,,,,,,,,,,,,,,,,,,,,,,,,,,,,,,,,,,,,,,,,,,,,,,,,,,,,,,,,,,,,,,,,,,,,,,,,,,,,,,,,,,,,,,,,,,,,,,,,,,,,,,,,,,,,,,,,,,,,,,,,,,,,,,,,,,,,,,,,,,,,,,,,,,,,,,,,,,,,,,,,,,,,,,,,,,,,,,,,,,,,,,,,,,,,,,,,,,,,,,,,,,,,,,,,,,,,,,,,,,,,,,,,,,,,,,,,,,,,,,,,,,,,,,,,,,,,,,,,,,,,,,,,,,,,,,,,,,,,,,,,,,,,,,,,,,,,,,,,,,,,,,,,,,,,,,,,,,,,,,,,,,,,,,,,,,,,,,,,,,,,,,,,,,,,,,,,,,,,,,,,,,,,,,,,,,,,,,,,,,,,,,,,,,,,,,,,,,,,,,,,,,,,,,,,,,,,,,,,,,,,,,,,,,,,,,,,,,,,,,,,,,,,,,,,,,,,,,,,,,,,,,,,,,,,,,,,,,,,,,,,,,,,,,,,,,,,,,,,,,,,,,,,,,,,,,,,,,,,,,,,,,,,,,,,,,,,,,,,,,,,,,,,,,,,,,,,,,,,,,,,,,,,,,,,,,,,,,,,,,,,,,,,,,,,,,,,,,,,,,,,,,,,,,,,,,,,,,,,,,,,,,,,,,,,,,,,,,,,,,,,,,,,,,,,,,,,,,,,,,,,,,,,,,,,,,,,,,,,,,,,,,,,,,,,,,,,,,,,,,,,,,,,,,,,,,,,,,,,,,,,,,,,,,,,,,,,,,,,,,,,,,,,,,,,,,,,,,,,,,,,,,,,,,,,,,,,,,,,,,,,,,,,,,,
358796,Ahmed Reda Tagnaouti,22,Sub,Morocco,495,away,False,,,194,84,30,,,,,,,,,,,,,,,,,,,,,,,,,,,,,,,,,,,,,,,,,,,,,,,,,,,,,,,,,,,,,,,,,,,,,,,,,,,,,,,,,,,,,,,,,,,,,,,,,,,,,,,,,,,,,,,,,,,,,,,,,,,,,,,,,,,,,,,,,,,,,,,,,,,,,,,,,,,,,,,,,,,,,,,,,,,,,,,,,,,,,,,,,,,,,,,,,,,,,,,,,,,,,,,,,,,,,,,,,,,,,,,,,,,,,,,,,,,,,,,,,,,,,,,,,,,,,,,,,,,,,,,,,,,,,,,,,,,,,,,,,,,,,,,,,,,,,,,,,,,,,,,,,,,,,,,,,,,,,,,,,,,,,,,,,,,,,,,,,,,,,,,,,,,,,,,,,,,,,,,,,,,,,,,,,,,,,,,,,,,,,,,,,,,,,,,,,,,,,,,,,,,,,,,,,,,,,,,,,,,,,,,,,,,,,,,,,,,,,,,,,,,,,,,,,,,,,,,,,,,,,,,,,,,,,,,,,,,,,,,,,,,,,,,,,,,,,,,,,,,,,,,,,,,,,,,,,,,,,,,,,,,,,,,,,,,,,,,,,,,,,,,,,,,,,,,,,,,,,,,,,,,,,,,,,,,,,,,,,,,,,,,,,,,,,,,,,,,,,,,,,,,,,,,,,,,,,,,,,,,,,,,,,,,,,,,,,,,,,,,,,,,,,,,,,,,,,,,,,,,,,,,,,,,,,,,,,,,,,,,,,,,,,,,,,,,,,,,,,,,,,,,,,,,,,,,,,,,,,,,,,,,,,,,,,,,,,,,,,,,,,,,,,,,,,,,,,,,,,,,,,,,,,,,,,,,,,,,,,,,,,,,,,,,,,,,,,,,,,,,,,,,,,,,,,,,,,,,,,,,,,,,,,,,,,,,,,,,,,,,,,,,,,,,,,,,,,,,,,,,,,,,,,,,,,,,,,,,,,,,,,,,,,,,,,,,,,,,,,,,,,,,,,,,,,,,,,,,,,,,,,,,,,,,,,,,,,,,,,,,,,,,,,,,,,,,,,,,,,,,,
238330,Munir El Kajoui,12,Sub,Morocco,495,away,False,,,190,79,37,,,,,,,,,,,,,,,,,,,,,,,,,,,,,,,,,,,,,,,,,,,,,,,,,,,,,,,,,,,,,,,,,,,,,,,,,,,,,,,,,,,,,,,,,,,,,,,,,,,,,,,,,,,,,,,,,,,,,,,,,,,,,,,,,,,,,,,,,,,,,,,,,,,,,,,,,,,,,,,,,,,,,,,,,,,,,,,,,,,,,,,,,,,,,,,,,,,,,,,,,,,,,,,,,,,,,,,,,,,,,,,,,,,,,,,,,,,,,,,,,,,,,,,,,,,,,,,,,,,,,,,,,,,,,,,,,,,,,,,,,,,,,,,,,,,,,,,,,,,,,,,,,,,,,,,,,,,,,,,,,,,,,,,,,,,,,,,,,,,,,,,,,,,,,,,,,,,,,,,,,,,,,,,,,,,,,,,,,,,,,,,,,,,,,,,,,,,,,,,,,,,,,,,,,,,,,,,,,,,,,,,,,,,,,,,,,,,,,,,,,,,,,,,,,,,,,,,,,,,,,,,,,,,,,,,,,,,,,,,,,,,,,,,,,,,,,,,,,,,,,,,,,,,,,,,,,,,,,,,,,,,,,,,,,,,,,,,,,,,,,,,,,,,,,,,,,,,,,,,,,,,,,,,,,,,,,,,,,,,,,,,,,,,,,,,,,,,,,,,,,,,,,,,,,,,,,,,,,,,,,,,,,,,,,,,,,,,,,,,,,,,,,,,,,,,,,,,,,,,,,,,,,,,,,,,,,,,,,,,,,,,,,,,,,,,,,,,,,,,,,,,,,,,,,,,,,,,,,,,,,,,,,,,,,,,,,,,,,,,,,,,,,,,,,,,,,,,,,,,,,,,,,,,,,,,,,,,,,,,,,,,,,,,,,,,,,,,,,,,,,,,,,,,,,,,,,,,,,,,,,,,,,,,,,,,,,,,,,,,,,,,,,,,,,,,,,,,,,,,,,,,,,,,,,,,,,,,,,,,,,,,,,,,,,,,,,,,,,,,,,,,,,,,,,,,,,,,,,,,,,,,,,,,,,,,,,,,,,,,,,,,,,,,,,,,,,,,,,,,,
248144,Sofyan Amrabat,4,Sub,Morocco,495,away,False,,,185,77,29,,,,,,,,,,,,,,,,,,,,,,,,,,,,,,,,,,,,,,,,,,,,,,,,,,,,,,,,,,,,,,,,,,,,,,,,,,,,,,,,,,,,,,,,,,,,,,,,,,,,,,,,,,,,,,,,,,,,,,,,,,,,,,,,,,,,,,,,,,,,,,,,,,,,,,,,,,,,,,,,,,,,,,,,,,,,,,,,,,,,,,,,,,,,,,,,,,,,,,,,,,,,,,,,,,,,,,,,,,,,,,,,,,,,,,,,,,,,,,,,,,,,,,,,,,,,,,,,,,,,,,,,,,,,,,,,,,,,,,,,,,,,,,,,,,,,,,,,,,,,,,,,,,,,,,,,,,,,,,,,,,,,,,,,,,,,,,,,,,,,,,,,,,,,,,,,,,,,,,,,,,,,,,,,,,,,,,,,,,,,,,,,,,,,,,,,,,,,,,,,,,,,,,,,,,,,,,,,,,,,,,,,,,,,,,,,,,,,,,,,,,,,,,,,,,,,,,,,,,,,,,,,,,,,,,,,,,,,,,,,,,,,,,,,,,,,,,,,,,,,,,,,,,,,,,,,,,,,,,,,,,,,,,,,,,,,,,,,,,,,,,,,,,,,,,,,,,,,,,,,,,,,,,,,,,,,,,,,,,,,,,,,,,,,,,,,,,,,,,,,,,,,,,,,,,,,,,,,,,,,,,,,,,,,,,,,,,,,,,,,,,,,,,,,,,,,,,,,,,,,,,,,,,,,,,,,,,,,,,,,,,,,,,,,,,,,,,,,,,,,,,,,,,,,,,,,,,,,,,,,,,,,,,,,,,,,,,,,,,,,,,,,,,,,,,,,,,,,,,,,,,,,,,,,,,,,,,,,,,,,,,,,,,,,,,,,,,,,,,,,,,,,,,,,,,,,,,,,,,,,,,,,,,,,,,,,,,,,,,,,,,,,,,,,,,,,,,,,,,,,,,,,,,,,,,,,,,,,,,,,,,,,,,,,,,,,,,,,,,,,,,,,,,,,,,,,,,,,,,,,,,,,,,,,,,,,,,,,,,,,,,,,,,,,,,,,,,,,,,,,
261235,Marwane Saadane,5,Sub,Morocco,495,away,False,,,188,83,34,,,,,,,,,,,,,,,,,,,,,,,,,,,,,,,,,,,,,,,,,,,,,,,,,,,,,,,,,,,,,,,,,,,,,,,,,,,,,,,,,,,,,,,,,,,,,,,,,,,,,,,,,,,,,,,,,,,,,,,,,,,,,,,,,,,,,,,,,,,,,,,,,,,,,,,,,,,,,,,,,,,,,,,,,,,,,,,,,,,,,,,,,,,,,,,,,,,,,,,,,,,,,,,,,,,,,,,,,,,,,,,,,,,,,,,,,,,,,,,,,,,,,,,,,,,,,,,,,,,,,,,,,,,,,,,,,,,,,,,,,,,,,,,,,,,,,,,,,,,,,,,,,,,,,,,,,,,,,,,,,,,,,,,,,,,,,,,,,,,,,,,,,,,,,,,,,,,,,,,,,,,,,,,,,,,,,,,,,,,,,,,,,,,,,,,,,,,,,,,,,,,,,,,,,,,,,,,,,,,,,,,,,,,,,,,,,,,,,,,,,,,,,,,,,,,,,,,,,,,,,,,,,,,,,,,,,,,,,,,,,,,,,,,,,,,,,,,,,,,,,,,,,,,,,,,,,,,,,,,,,,,,,,,,,,,,,,,,,,,,,,,,,,,,,,,,,,,,,,,,,,,,,,,,,,,,,,,,,,,,,,,,,,,,,,,,,,,,,,,,,,,,,,,,,,,,,,,,,,,,,,,,,,,,,,,,,,,,,,,,,,,,,,,,,,,,,,,,,,,,,,,,,,,,,,,,,,,,,,,,,,,,,,,,,,,,,,,,,,,,,,,,,,,,,,,,,,,,,,,,,,,,,,,,,,,,,,,,,,,,,,,,,,,,,,,,,,,,,,,,,,,,,,,,,,,,,,,,,,,,,,,,,,,,,,,,,,,,,,,,,,,,,,,,,,,,,,,,,,,,,,,,,,,,,,,,,,,,,,,,,,,,,,,,,,,,,,,,,,,,,,,,,,,,,,,,,,,,,,,,,,,,,,,,,,,,,,,,,,,,,,,,,,,,,,,,,,,,,,,,,,,,,,,,,,,,,,,,,,,,,,,,,,,,,,,,,,,,,,,,
513409,Gessime Yassine,16,Sub,Morocco,495,away,False,,,172,56,20,,,,,,,,,,,,,,,,,,,,,,,,,,,,,,,,,,,,,,,,,,,,,,,,,,,,,,,,,,,,,,,,,,,,,,,,,,,,,,,,,,,,,,,,,,,,,,,,,,,,,,,,,,,,,,,,,,,,,,,,,,,,,,,,,,,,,,,,,,,,,,,,,,,,,,,,,,,,,,,,,,,,,,,,,,,,,,,,,,,,,,,,,,,,,,,,,,,,,,,,,,,,,,,,,,,,,,,,,,,,,,,,,,,,,,,,,,,,,,,,,,,,,,,,,,,,,,,,,,,,,,,,,,,,,,,,,,,,,,,,,,,,,,,,,,,,,,,,,,,,,,,,,,,,,,,,,,,,,,,,,,,,,,,,,,,,,,,,,,,,,,,,,,,,,,,,,,,,,,,,,,,,,,,,,,,,,,,,,,,,,,,,,,,,,,,,,,,,,,,,,,,,,,,,,,,,,,,,,,,,,,,,,,,,,,,,,,,,,,,,,,,,,,,,,,,,,,,,,,,,,,,,,,,,,,,,,,,,,,,,,,,,,,,,,,,,,,,,,,,,,,,,,,,,,,,,,,,,,,,,,,,,,,,,,,,,,,,,,,,,,,,,,,,,,,,,,,,,,,,,,,,,,,,,,,,,,,,,,,,,,,,,,,,,,,,,,,,,,,,,,,,,,,,,,,,,,,,,,,,,,,,,,,,,,,,,,,,,,,,,,,,,,,,,,,,,,,,,,,,,,,,,,,,,,,,,,,,,,,,,,,,,,,,,,,,,,,,,,,,,,,,,,,,,,,,,,,,,,,,,,,,,,,,,,,,,,,,,,,,,,,,,,,,,,,,,,,,,,,,,,,,,,,,,,,,,,,,,,,,,,,,,,,,,,,,,,,,,,,,,,,,,,,,,,,,,,,,,,,,,,,,,,,,,,,,,,,,,,,,,,,,,,,,,,,,,,,,,,,,,,,,,,,,,,,,,,,,,,,,,,,,,,,,,,,,,,,,,,,,,,,,,,,,,,,,,,,,,,,,,,,,,,,,,,,,,,,,,,,,,,,,,,,,,,,,,,,,,,,,,
555269,Youssef Belammari,19,Sub,Morocco,495,away,False,,,175,70,27,,,,,,,,,,,,,,,,,,,,,,,,,,,,,,,,,,,,,,,,,,,,,,,,,,,,,,,,,,,,,,,,,,,,,,,,,,,,,,,,,,,,,,,,,,,,,,,,,,,,,,,,,,,,,,,,,,,,,,,,,,,,,,,,,,,,,,,,,,,,,,,,,,,,,,,,,,,,,,,,,,,,,,,,,,,,,,,,,,,,,,,,,,,,,,,,,,,,,,,,,,,,,,,,,,,,,,,,,,,,,,,,,,,,,,,,,,,,,,,,,,,,,,,,,,,,,,,,,,,,,,,,,,,,,,,,,,,,,,,,,,,,,,,,,,,,,,,,,,,,,,,,,,,,,,,,,,,,,,,,,,,,,,,,,,,,,,,,,,,,,,,,,,,,,,,,,,,,,,,,,,,,,,,,,,,,,,,,,,,,,,,,,,,,,,,,,,,,,,,,,,,,,,,,,,,,,,,,,,,,,,,,,,,,,,,,,,,,,,,,,,,,,,,,,,,,,,,,,,,,,,,,,,,,,,,,,,,,,,,,,,,,,,,,,,,,,,,,,,,,,,,,,,,,,,,,,,,,,,,,,,,,,,,,,,,,,,,,,,,,,,,,,,,,,,,,,,,,,,,,,,,,,,,,,,,,,,,,,,,,,,,,,,,,,,,,,,,,,,,,,,,,,,,,,,,,,,,,,,,,,,,,,,,,,,,,,,,,,,,,,,,,,,,,,,,,,,,,,,,,,,,,,,,,,,,,,,,,,,,,,,,,,,,,,,,,,,,,,,,,,,,,,,,,,,,,,,,,,,,,,,,,,,,,,,,,,,,,,,,,,,,,,,,,,,,,,,,,,,,,,,,,,,,,,,,,,,,,,,,,,,,,,,,,,,,,,,,,,,,,,,,,,,,,,,,,,,,,,,,,,,,,,,,,,,,,,,,,,,,,,,,,,,,,,,,,,,,,,,,,,,,,,,,,,,,,,,,,,,,,,,,,,,,,,,,,,,,,,,,,,,,,,,,,,,,,,,,,,,,,,,,,,,,,,,,,,,,,,,,,,,,,,,,,,,,,,,,,,,,,
484526,Zakaria El Ouahdi,13,Sub,Morocco,495,away,False,,,171,69,24,,,,,,,,,,,,,,,,,,,,,,,,,,,,,,,,,,,,,,,,,,,,,,,,,,,,,,,,,,,,,,,,,,,,,,,,,,,,,,,,,,,,,,,,,,,,,,,,,,,,,,,,,,,,,,,,,,,,,,,,,,,,,,,,,,,,,,,,,,,,,,,,,,,,,,,,,,,,,,,,,,,,,,,,,,,,,,,,,,,,,,,,,,,,,,,,,,,,,,,,,,,,,,,,,,,,,,,,,,,,,,,,,,,,,,,,,,,,,,,,,,,,,,,,,,,,,,,,,,,,,,,,,,,,,,,,,,,,,,,,,,,,,,,,,,,,,,,,,,,,,,,,,,,,,,,,,,,,,,,,,,,,,,,,,,,,,,,,,,,,,,,,,,,,,,,,,,,,,,,,,,,,,,,,,,,,,,,,,,,,,,,,,,,,,,,,,,,,,,,,,,,,,,,,,,,,,,,,,,,,,,,,,,,,,,,,,,,,,,,,,,,,,,,,,,,,,,,,,,,,,,,,,,,,,,,,,,,,,,,,,,,,,,,,,,,,,,,,,,,,,,,,,,,,,,,,,,,,,,,,,,,,,,,,,,,,,,,,,,,,,,,,,,,,,,,,,,,,,,,,,,,,,,,,,,,,,,,,,,,,,,,,,,,,,,,,,,,,,,,,,,,,,,,,,,,,,,,,,,,,,,,,,,,,,,,,,,,,,,,,,,,,,,,,,,,,,,,,,,,,,,,,,,,,,,,,,,,,,,,,,,,,,,,,,,,,,,,,,,,,,,,,,,,,,,,,,,,,,,,,,,,,,,,,,,,,,,,,,,,,,,,,,,,,,,,,,,,,,,,,,,,,,,,,,,,,,,,,,,,,,,,,,,,,,,,,,,,,,,,,,,,,,,,,,,,,,,,,,,,,,,,,,,,,,,,,,,,,,,,,,,,,,,,,,,,,,,,,,,,,,,,,,,,,,,,,,,,,,,,,,,,,,,,,,,,,,,,,,,,,,,,,,,,,,,,,,,,,,,,,,,,,,,,,,,,,,,,,,,,,,,,,,,,,,,,,,,,,,,,,
437387,Anass Salah-Eddine,26,Sub,Morocco,495,away,False,,,181,66,24,,,,,,,,,,,,,,,,,,,,,,,,,,,,,,,,,,,,,,,,,,,,,,,,,,,,,,,,,,,,,,,,,,,,,,,,,,,,,,,,,,,,,,,,,,,,,,,,,,,,,,,,,,,,,,,,,,,,,,,,,,,,,,,,,,,,,,,,,,,,,,,,,,,,,,,,,,,,,,,,,,,,,,,,,,,,,,,,,,,,,,,,,,,,,,,,,,,,,,,,,,,,,,,,,,,,,,,,,,,,,,,,,,,,,,,,,,,,,,,,,,,,,,,,,,,,,,,,,,,,,,,,,,,,,,,,,,,,,,,,,,,,,,,,,,,,,,,,,,,,,,,,,,,,,,,,,,,,,,,,,,,,,,,,,,,,,,,,,,,,,,,,,,,,,,,,,,,,,,,,,,,,,,,,,,,,,,,,,,,,,,,,,,,,,,,,,,,,,,,,,,,,,,,,,,,,,,,,,,,,,,,,,,,,,,,,,,,,,,,,,,,,,,,,,,,,,,,,,,,,,,,,,,,,,,,,,,,,,,,,,,,,,,,,,,,,,,,,,,,,,,,,,,,,,,,,,,,,,,,,,,,,,,,,,,,,,,,,,,,,,,,,,,,,,,,,,,,,,,,,,,,,,,,,,,,,,,,,,,,,,,,,,,,,,,,,,,,,,,,,,,,,,,,,,,,,,,,,,,,,,,,,,,,,,,,,,,,,,,,,,,,,,,,,,,,,,,,,,,,,,,,,,,,,,,,,,,,,,,,,,,,,,,,,,,,,,,,,,,,,,,,,,,,,,,,,,,,,,,,,,,,,,,,,,,,,,,,,,,,,,,,,,,,,,,,,,,,,,,,,,,,,,,,,,,,,,,,,,,,,,,,,,,,,,,,,,,,,,,,,,,,,,,,,,,,,,,,,,,,,,,,,,,,,,,,,,,,,,,,,,,,,,,,,,,,,,,,,,,,,,,,,,,,,,,,,,,,,,,,,,,,,,,,,,,,,,,,,,,,,,,,,,,,,,,,,,,,,,,,,,,,,,,,,,,,,,,,,,,,,,,,,,,,,,,,,,,,,,,,,
