isTouch,isGoal,isShot,shotSixYardBox,shotPenaltyArea,shotOboxTotal,shotOpenPlay,shotCounter,shotSetPiece,shotDirectCorner,shotOffTarget,shotOnPost,shotOnTarget,shotsTotal,shotBlocked,shotRightFoot,shotLeftFoot,shotHead,shotObp,goalSixYardBox,goalPenaltyArea,goalObox,goalOpenPlay,goalCounter,goalSetPiece,penaltyScored,goalOwn,goalNormal,goalRightFoot,goalLeftFoot,goalHead,goalObp,shortPassInaccurate,shortPassAccurate,passCorner,passCornerAccurate,passCornerInaccurate,passFreekick,passBack,passForward,passLeft,passRight,keyPassLong,keyPassShort,keyPassCross,keyPassCorner,keyPassThroughball,keyPassFreekick,keyPassThrowin,keyPassOther,assistCross,assistCorner,assistThroughball,assistFreekick,assistThrowin,assistOther,dribbleLost,dribbleWon,challengeLost,interceptionWon,clearanceHead,outfielderBlock,passCrossBlockedDefensive,outfielderBlockedPass,offsideGiven,offsideProvoked,foulGiven,foulCommitted,yellowCard,voidYellowCard,secondYellow,redCard,turnover,dispossessed,saveLowLeft,saveHighLeft,saveLowCentre,saveHighCentre,saveLowRight,saveHighRight,saveHands,saveFeet,saveObp,saveSixYardBox,savePenaltyArea,saveObox,keeperDivingSave,standingSave,closeMissHigh,closeMissHighLeft,closeMissHighRight,closeMissLeft,closeMissRight,shotOffTargetInsideBox,touches,assist,ballRecovery,clearanceEffective,clearanceTotal,clearanceOffTheLine,dribbleLastman,errorLeadsToGoal,errorLeadsToShot,intentionalAssist,interceptionAll,interceptionIntheBox,keeperClaimHighLost,keeperClaimHighWon,keeperClaimLost,keeperClaimWon,keeperOneToOneWon,parriedDanger,parriedSafe,collected,keeperPenaltySaved,keeperSaveInTheBox,keeperSaveTotal,keeperSmother,keeperSweeperLost,keeperMissed,passAccurate,passBackZoneInaccurate,passForwardZoneAccurate,passInaccurate,passAccuracy,cornerAwarded,passKey,passChipped,passCrossAccurate,passCrossInaccurate,passLongBallAccurate,passLongBallInaccurate,passThroughBallAccurate,passThroughBallInaccurate,passThroughBallInacurate,passFreekickAccurate,passFreekickInaccurate,penaltyConceded,penaltyMissed,penaltyWon,passRightFoot,passLeftFoot,passHead,sixYardBlock,tackleLastMan,tackleLost,tackleWon,aerialSuccess,duelAerialWon,duelAerialLost,offensiveDuel,defensiveDuel,bigChanceMissed,bigChanceScored,bigChanceCreated,overrun,successfulFinalThirdPasses,punches,throwIn,subOn,subOff,defensiveThird,midThird,finalThird,pos,id,eventId,minute,second,teamId,h_a,x,y,expandedMinute,period,type,outcomeType,qualifiers,satisfiedEventsTypes,matchId,startDate,startTime,score,ftScore,htScore,etScore,venueName,maxMinute,playerId,playerName,endX,endY,relatedEventId,relatedPlayerId,goalMouthZ,goalMouthY,blockedX,blockedY,cardType,shotBodyType,situation
False,False,False,False,False,False,False,False,False,False,False,False,False,False,False,False,False,False,False,False,False,False,False,False,False,False,False,False,False,False,False,False,False,False,False,False,False,False,False,False,False,False,False,False,False,False,False,False,False,False,False,False,False,False,False,False,False,False,False,False,False,False,False,False,False,False,False,True,False,False,False,False,False,False,False,False,False,False,False,False,False,False,False,False,False,False,False,False,False,False,False,False,False,False,False,False,False,False,False,False,False,False,False,False,False,False,False,False,False,False,False,False,False,False,False,False,False,False,False,False,False,False,False,False,False,False,False,False,False,False,False,False,False,False,False,False,False,False,False,False,False,False,False,False,False,False,False,False,False,False,False,False,False,False,False,False,False,False,False,False,False,False,False,False,False,1993920004,4,6,1,64,a,50.0,50.0,6,FirstHalf,Foul,Successful,[],[],1993920,2026-08-31T00:00:00,2026-08-31T19:30:00,5 : 2,5 : 2,2 : 1,,Spotify Camp Nou,95,,Jozhua Vertrouwd,,,,,,,,,False,,
False,False,False,False,False,False,False,False,False,False,False,False,False,False,False,False,False,False,False,False,False,False,False,False,False,False,False,False,False,False,False,False,False,False,False,False,False,False,False,False,False,False,False,False,False,False,False,False,False,False,False,False,False,False,False,False,False,False,False,False,False,False,False,False,False,False,False,True,False,False,False,False,False,False,False,False,False,False,False,False,False,False,False,False,False,False,False,False,False,False,False,False,False,False,False,False,False,False,False,False,False,False,False,False,False,False,False,False,False,False,False,False,False,False,False,False,False,False,False,False,False,False,False,False,False,False,False,False,False,False,False,False,False,False,False,False,False,False,False,False,False,False,False,False,False,False,False,False,False,False,False,False,False,False,False,False,False,False,False,False,False,False,False,False,False,1993920009,9,9,1,64,a,50.0,50.0,9,FirstHalf,Foul,Successful,[],[],1993920,2026-08-31T00:00:00,2026-08-31T19:30:00,5 : 2,5 : 2,2 : 1,,Spotify Camp Nou,95,,Óscar Valentín,,,,,,,,,False,,
True,False,False,False,False,False,False,False,False,False,False,False,False,False,False,False,False,False,False,False,False,False,False,False,False,False,False,False,False,False,False,False,False,False,False,False,False,False,False,False,False,False,False,False,False,False,False,False,False,False,False,False,False,False,False,False,False,False,False,False,False,False,False,False,False,False,False,False,False,False,False,False,False,False,False,False,False,False,False,False,False,False,False,False,False,False,False,False,False,False,False,False,False,False,False,False,False,False,False,False,False,False,False,False,False,False,False,False,False,False,False,False,False,False,False,False,True,False,False,False,False,False,False,False,False,False,False,False,False,False,False,False,False,False,False,False,False,False,False,False,False,False,False,False,False,False,False,False,False,False,False,False,False,False,False,False,False,False,False,False,False,False,False,False,False,1993920014,14,14,1,64,a,1.5,50.0,14,FirstHalf,Save,Successful,[],[],1993920,2026-08-31T00:00:00,2026-08-31T19:30:00,5 : 2,5 : 2,2 : 1,,Spotify Camp Nou,95,,Dani Cárdenas,,,13.0,,,,,,False,,
False,False,False,False,False,False,False,False,False,False,False,False,False,False,False,False,False,False,False,False,False,False,False,False,False,False,False,False,False,False,False,False,False,False,False,False,False,False,False,False,False,False,False,False,False,False,False,False,False,False,False,False,False,False,False,False,False,False,False,False,False,False,False,False,False,False,False,True,False,False,False,False,False,False,False,False,False,False,False,False,False,False,False,False,False,False,False,False,False,False,False,False,False,False,False,False,False,False,False,False,False,False,False,False,False,False,False,False,False,False,False,False,False,False,False,False,False,False,False,False,False,False,False,False,False,False,False,False,False,False,False,False,False,False,False,False,False,False,False,False,False,False,False,False,False,False,False,False,False,False,False,False,False,False,False,False,False,False,False,False,False,False,False,False,False,1993920028,28,27,1,64,a,50.0,50.0,27,FirstHalf,Foul,Successful,[],[],1993920,2026-08-31T00:00:00,2026-08-31T19:30:00,5 : 2,5 : 2,2 : 1,,Spotify Camp Nou,95,,Jozhua Vertrouwd,,,,,,,,,False,,
False,False,False,False,False,False,False,False,False,False,False,False,False,False,False,False,False,False,False,False,False,False,False,False,False,False,False,False,False,False,False,False,False,False,False,False,False,False,False,False,False,False,False,False,False,False,False,False,False,False,False,False,False,False,False,False,False,False,False,False,False,False,False,False,False,False,False,True,False,False,False,False,False,False,False,False,False,False,False,False,False,False,False,False,False,False,False,False,False,False,False,False,False,False,False,False,False,False,False,False,False,False,False,False,False,False,False,False,False,False,False,False,False,False,False,False,False,False,False,False,False,False,False,False,False,False,False,False,False,False,False,False,False,False,False,False,False,False,False,False,False,False,False,False,False,False,False,False,False,False,False,False,False,False,False,False,False,False,False,False,False,False,False,False,False,1993920030,30,29,1,64,a,50.0,50.0,29,FirstHalf,Foul,Successful,[],[],1993920,2026-08-31T00:00:00,2026-08-31T19:30:00,5 : 2,5 : 2,2 : 1,,Spotify Camp Nou,95,,Iván Balliu,,,,,,,,,False,,
False,False,False,False,False,False,False,False,False,False,False,False,False,False,False,False,False,False,False,False,False,False,False,False,False,False,False,False,False,False,False,False,False,False,False,False,False,False,False,False,False,False,False,False,False,False,False,False,False,False,False,False,False,False,False,False,False,False,False,False,False,False,False,False,False,False,False,True,False,False,False,False,False,False,False,False,False,False,False,False,False,False,False,False,False,False,False,False,False,False,False,False,False,False,False,False,False,False,False,False,False,False,False,False,False,False,False,False,False,False,False,False,False,False,False,False,False,False,False,False,False,False,False,False,False,False,False,False,False,False,False,False,False,False,False,False,False,False,False,False,False,False,False,False,False,False,False,False,False,False,False,False,False,False,False,False,False,False,False,False,False,False,False,False,False,1993920034,34,33,1,64,a,50.0,50.0,33,FirstHalf,Foul,Successful,[],[],1993920,2026-08-31T00:00:00,2026-08-31T19:30:00,5 : 2,5 : 2,2 : 1,,Spotify Camp Nou,95,,Óscar Valentín,,,,,,,,,False,,
True,False,False,False,False,False,False,False,False,False,False,False,False,False,False,False,False,False,False,False,False,False,False,False,False,False,False,False,False,False,False,False,False,False,False,False,False,False,False,False,False,False,False,False,False,False,False,False,False,False,False,False,False,False,False,False,False,False,False,False,False,False,False,False,False,False,False,False,False,False,False,False,False,False,False,False,False,False,False,False,False,False,False,False,False,False,False,False,False,False,False,False,False,False,False,False,False,False,False,False,False,False,False,False,False,False,False,False,False,False,False,False,False,False,False,False,True,False,False,False,False,False,False,False,False,False,False,False,False,False,False,False,False,False,False,False,False,False,False,False,False,False,False,False,False,False,False,False,False,False,False,False,False,False,False,False,False,False,False,False,False,False,False,False,False,1993920037,37,36,1,64,a,1.5,50.0,36,FirstHalf,Save,Successful,[],[],1993920,2026-08-31T00:00:00,2026-08-31T19:30:00,5 : 2,5 : 2,2 : 1,,Spotify Camp Nou,95,,Dani Cárdenas,,,36.0,,,,,,False,,
True,False,False,False,False,False,False,False,False,False,False,False,False,False,False,False,False,False,False,False,False,False,False,False,False,False,False,False,False,False,False,False,False,False,False,False,False,False,False,False,False,False,False,False,False,False,False,False,False,False,False,False,False,False,False,False,False,False,False,False,False,False,False,False,False,False,False,False,False,False,False,False,False,False,False,False,False,False,False,False,False,False,False,False,False,False,False,False,False,False,False,False,False,False,False,False,False,False,False,False,False,False,False,False,False,False,False,False,False,False,False,False,False,False,False,False,True,False,False,False,False,False,False,False,False,False,False,False,False,False,False,False,False,False,False,False,False,False,False,False,False,False,False,False,False,False,False,False,False,False,False,False,False,False,False,False,False,False,False,False,False,False,False,False,False,1993920039,39,37,1,65,h,1.5,50.0,37,FirstHalf,Save,Successful,[],[],1993920,2026-08-31T00:00:00,2026-08-31T19:30:00,5 : 2,5 : 2,2 : 1,,Spotify Camp Nou,95,,Joan García,,,38.0,,,,,,False,,
True,False,False,False,False,False,False,False,False,False,False,False,False,False,False,False,False,False,False,False,False,False,False,False,False,False,False,False,False,False,False,False,False,False,False,False,False,False,False,False,False,False,False,False,False,False,False,False,False,False,False,False,False,False,False,False,False,False,False,False,False,False,False,False,False,False,False,False,False,False,False,False,False,False,False,False,False,False,False,False,False,False,False,False,False,False,False,False,False,False,False,False,False,False,False,False,False,False,False,False,False,False,False,False,False,False,False,False,False,False,False,False,False,False,False,False,True,False,False,False,False,False,False,False,False,False,False,False,False,False,False,False,False,False,False,False,False,False,False,False,False,False,False,False,False,False,False,False,False,False,False,False,False,False,False,False,False,False,False,False,False,False,False,False,False,1993920042,42,40,1,64,a,1.5,50.0,40,FirstHalf,Save,Successful,[],[],1993920,2026-08-31T00:00:00,2026-08-31T19:30:00,5 : 2,5 : 2,2 : 1,,Spotify Camp Nou,95,,Dani Cárdenas,,,41.0,,,,,,False,,
False,False,False,False,False,False,False,False,False,False,False,False,False,False,False,False,False,False,False,False,False,False,False,False,False,False,False,False,False,False,False,False,False,False,False,False,False,False,False,False,False,False,False,False,False,False,False,False,False,False,False,False,False,False,False,False,False,False,False,False,False,False,False,False,False,False,False,True,False,False,False,False,False,False,False,False,False,False,False,False,False,False,False,False,False,False,False,False,False,False,False,False,False,False,False,False,False,False,False,False,False,False,False,False,False,False,False,False,False,False,False,False,False,False,False,False,False,False,False,False,False,False,False,False,False,False,False,False,False,False,False,False,False,False,False,False,False,False,False,False,False,False,False,False,False,False,False,False,False,False,False,False,False,False,False,False,False,False,False,False,False,False,False,False,False,1993920045,45,42,2,65,h,50.0,50.0,42,FirstHalf,Foul,Successful,[],[],1993920,2026-08-31T00:00:00,2026-08-31T19:30:00,5 : 2,5 : 2,2 : 1,,Spotify Camp Nou,95,,Andreas Christensen,,,,,,,,,False,,
False,False,False,False,False,False,False,False,False,False,False,False,False,False,False,False,False,False,False,False,False,False,False,False,False,False,False,False,False,False,False,False,False,False,False,False,False,False,False,False,False,False,False,False,False,False,False,False,False,False,False,False,False,False,False,False,False,False,False,False,False,False,False,False,False,False,False,True,False,False,False,False,False,False,False,False,False,False,False,False,False,False,False,False,False,False,False,False,False,False,False,False,False,False,False,False,False,False,False,False,False,False,False,False,False,False,False,False,False,False,False,False,False,False,False,False,False,False,False,False,False,False,False,False,False,False,False,False,False,False,False,False,False,False,False,False,False,False,False,False,False,False,False,False,False,False,False,False,False,False,False,False,False,False,False,False,False,False,False,False,False,False,False,False,False,1993920048,48,44,1,64,a,50.0,50.0,44,FirstHalf,Foul,Successful,[],[],1993920,2026-08-31T00:00:00,2026-08-31T19:30:00,5 : 2,5 : 2,2 : 1,,Spotify Camp Nou,95,,Óscar Valentín,,,,,,,,,False,,
True,False,False,False,False,False,False,False,False,False,False,False,False,False,False,False,False,False,False,False,False,False,False,False,False,False,False,False,False,False,False,False,False,False,False,False,False,False,False,False,False,False,False,False,False,False,False,False,False,False,False,False,False,False,False,False,False,False,False,False,False,False,False,False,False,False,False,False,False,False,False,False,False,False,False,False,False,False,False,False,False,False,False,False,False,False,False,False,False,False,False,False,False,False,False,False,False,False,False,False,False,False,False,False,False,False,False,False,False,False,False,False,False,False,False,False,True,False,False,False,False,False,False,False,False,False,False,False,False,False,False,False,False,False,False,False,False,False,False,False,False,False,False,False,False,False,False,False,False,False,False,False,False,False,False,False,False,False,False,False,False,False,False,False,False,1993920050,50,45,1,64,a,1.5,50.0,45,FirstHalf,Save,Successful,[],[],1993920,2026-08-31T00:00:00,2026-08-31T19:30:00,5 : 2,5 : 2,2 : 1,,Spotify Camp Nou,95,,Dani Cárdenas,,,49.0,,,,,,False,,
False,False,False,False,False,False,False,False,False,False,False,False,False,False,False,False,False,False,False,False,False,False,False,False,False,False,False,False,False,False,False,False,False,False,False,False,False,False,False,False,False,False,False,False,False,False,False,False,False,False,False,False,False,False,False,False,False,False,False,False,False,False,False,False,False,False,False,True,False,False,False,False,False,False,False,False,False,False,False,False,False,False,False,False,False,False,False,False,False,False,False,False,False,False,False,False,False,False,False,False,False,False,False,False,False,False,False,False,False,False,False,False,False,False,False,False,False,False,False,False,False,False,False,False,False,False,False,False,False,False,False,False,False,False,False,False,False,False,False,False,False,False,False,False,False,False,False,False,False,False,False,False,False,False,False,False,False,False,False,False,False,False,False,False,False,1993920054,54,49,1,64,a,50.0,50.0,49,SecondHalf,Foul,Successful,[],[],1993920,2026-08-31T00:00:00,2026-08-31T19:30:00,5 : 2,5 : 2,2 : 1,,Spotify Camp Nou,95,,Florian Lejeune,,,,,,,,,False,,
False,False,False,False,False,False,False,False,False,False,False,False,False,False,False,False,False,False,False,False,False,False,False,False,False,False,False,False,False,False,False,False,False,False,False,False,False,False,False,False,False,False,False,False,False,False,False,False,False,False,False,False,False,False,False,False,False,False,False,False,False,False,False,False,False,False,False,True,False,False,False,False,False,False,False,False,False,False,False,False,False,False,False,False,False,False,False,False,False,False,False,False,False,False,False,False,False,False,False,False,False,False,False,False,False,False,False,False,False,False,False,False,False,False,False,False,False,False,False,False,False,False,False,False,False,False,False,False,False,False,False,False,False,False,False,False,False,False,False,False,False,False,False,False,False,False,False,False,False,False,False,False,False,False,False,False,False,False,False,False,False,False,False,False,False,1993920056,56,55,2,65,h,50.0,50.0,55,SecondHalf,Foul,Successful,[],[],1993920,2026-08-31T00:00:00,2026-08-31T19:30:00,5 : 2,5 : 2,2 : 1,,Spotify Camp Nou,95,,Marc Bernal,,,,,,,,,False,,
False,False,False,False,False,False,False,False,False,False,False,False,False,False,False,False,False,False,False,False,False,False,False,False,False,False,False,False,False,False,False,False,False,False,False,False,False,False,False,False,False,False,False,False,False,False,False,False,False,False,False,False,False,False,False,False,False,False,False,False,False,False,False,False,False,False,False,True,False,False,False,False,False,False,False,False,False,False,False,False,False,False,False,False,False,False,False,False,False,False,False,False,False,False,False,False,False,False,False,False,False,False,False,False,False,False,False,False,False,False,False,False,False,False,False,False,False,False,False,False,False,False,False,False,False,False,False,False,False,False,False,False,False,False,False,False,False,False,False,False,False,False,False,False,False,False,False,False,False,False,False,False,False,False,False,False,False,False,False,False,False,False,False,False,False,1993920065,65,60,2,65,h,50.0,50.0,60,SecondHalf,Foul,Successful,[],[],1993920,2026-08-31T00:00:00,2026-08-31T19:30:00,5 : 2,5 : 2,2 : 1,,Spotify Camp Nou,95,,Jules Koundé,,,,,,,,,False,,
False,False,False,False,False,False,False,False,False,False,False,False,False,False,False,False,False,False,False,False,False,False,False,False,False,False,False,False,False,False,False,False,False,False,False,False,False,False,False,False,False,False,False,False,False,False,False,False,False,False,False,False,False,False,False,False,False,False,False,False,False,False,False,False,False,False,False,True,False,False,False,False,False,False,False,False,False,False,False,False,False,False,False,False,False,False,False,False,False,False,False,False,False,False,False,False,False,False,False,False,False,False,False,False,False,False,False,False,False,False,False,False,False,False,False,False,False,False,False,False,False,False,False,False,False,False,False,False,False,False,False,False,False,False,False,False,False,False,False,False,False,False,False,False,False,False,False,False,False,False,False,False,False,False,False,False,False,False,False,False,False,False,False,False,False,1993920084,84,76,2,65,h,50.0,50.0,76,SecondHalf,Foul,Successful,[],[],1993920,2026-08-31T00:00:00,2026-08-31T19:30:00,5 : 2,5 : 2,2 : 1,,Spotify Camp Nou,95,,Pau Cubarsí,,,,,,,,,False,,
True,False,False,False,False,False,False,False,False,False,False,False,False,False,False,False,False,False,False,False,False,False,False,False,False,False,False,False,False,False,False,False,False,False,False,False,False,False,False,False,False,False,False,False,False,False,False,False,False,False,False,False,False,False,False,False,False,False,False,False,False,False,False,False,False,False,False,False,False,False,False,False,False,False,False,False,False,False,False,False,False,False,False,False,False,False,False,False,False,False,False,False,False,False,False,False,False,False,False,False,False,False,False,False,False,False,False,False,False,False,False,False,False,False,False,False,True,False,False,False,False,False,False,False,False,False,False,False,False,False,False,False,False,False,False,False,False,False,False,False,False,False,False,False,False,False,False,False,False,False,False,False,False,False,False,False,False,False,False,False,False,False,False,False,False,1993920090,90,79,1,64,a,1.5,50.0,79,SecondHalf,Save,Successful,[],[],1993920,2026-08-31T00:00:00,2026-08-31T19:30:00,5 : 2,5 : 2,2 : 1,,Spotify Camp Nou,95,,Dani Cárdenas,,,89.0,,,,,,False,,
True,False,False,False,False,False,False,False,False,False,False,False,False,False,False,False,False,False,False,False,False,False,False,False,False,False,False,False,False,False,False,False,False,False,False,False,False,False,False,False,False,False,False,False,False,False,False,False,False,False,False,False,False,False,False,False,False,False,False,False,False,False,False,False,False,False,False,False,False,False,False,False,False,False,False,False,False,False,False,False,False,False,False,False,False,False,False,False,False,False,False,False,False,False,False,False,False,False,False,False,False,False,False,False,False,False,False,False,False,False,False,False,False,False,False,False,True,False,False,False,False,False,False,False,False,False,False,False,False,False,False,False,False,False,False,False,False,False,False,False,False,False,False,False,False,False,False,False,False,False,False,False,False,False,False,False,False,False,False,False,False,False,False,False,False,1993920093,93,82,1,65,h,1.5,50.0,82,SecondHalf,Save,Successful,[],[],1993920,2026-08-31T00:00:00,2026-08-31T19:30:00,5 : 2,5 : 2,2 : 1,,Spotify Camp Nou,95,,Joan García,,,92.0,,,,,,False,,
False,False,False,False,False,False,False,False,False,False,False,False,False,False,False,False,False,False,False,False,False,False,False,False,False,False,False,False,False,False,False,False,False,False,False,False,False,False,False,False,False,False,False,False,False,False,False,False,False,False,False,False,False,False,False,False,False,False,False,False,False,False,False,False,False,False,False,True,False,False,False,False,False,False,False,False,False,False,False,False,False,False,False,False,False,False,False,False,False,False,False,False,False,False,False,False,False,False,False,False,False,False,False,False,False,False,False,False,False,False,False,False,False,False,False,False,False,False,False,False,False,False,False,False,False,False,False,False,False,False,False,False,False,False,False,False,False,False,False,False,False,False,False,False,False,False,False,False,False,False,False,False,False,False,False,False,False,False,False,False,False,False,False,False,False,1993920094,94,82,2,64,a,50.0,50.0,82,SecondHalf,Foul,Successful,[],[],1993920,2026-08-31T00:00:00,2026-08-31T19:30:00,5 : 2,5 : 2,2 : 1,,Spotify Camp Nou,95,,Pedro Díaz,,,,,,,,,False,,
False,False,False,False,False,False,False,False,False,False,False,False,False,False,False,False,False,False,False,False,False,False,False,False,False,False,False,False,False,False,False,False,False,False,False,False,False,False,False,False,False,False,False,False,False,False,False,False,False,False,False,False,False,False,False,False,False,False,False,False,False,False,False,False,False,False,False,True,False,False,False,False,False,False,False,False,False,False,False,False,False,False,False,False,False,False,False,False,False,False,False,False,False,False,False,False,False,False,False,False,False,False,False,False,False,False,False,False,False,False,False,False,False,False,False,False,False,False,False,False,False,False,False,False,False,False,False,False,False,False,False,False,False,False,False,False,False,False,False,False,False,False,False,False,False,False,False,False,False,False,False,False,False,False,False,False,False,False,False,False,False,False,False,False,False,1993920095,95,84,1,64,a,50.0,50.0,84,SecondHalf,Foul,Successful,[],[],1993920,2026-08-31T00:00:00,2026-08-31T19:30:00,5 : 2,5 : 2,2 : 1,,Spotify Camp Nou,95,,Adrià Pedrosa,,,,,,,,,False,,
False,False,False,False,False,False,False,False,False,False,False,False,False,False,False,False,False,False,False,False,False,False,False,False,False,False,False,False,False,False,False,False,False,False,False,False,False,False,False,False,False,False,False,False,False,False,False,False,False,False,False,False,False,False,False,False,False,False,False,False,False,False,False,False,False,False,False,True,False,False,False,False,False,False,False,False,False,False,False,False,False,False,False,False,False,False,False,False,False,False,False,False,False,False,False,False,False,False,False,False,False,False,False,False,False,False,False,False,False,False,False,False,False,False,False,False,False,False,False,False,False,False,False,False,False,False,False,False,False,False,False,False,False,False,False,False,False,False,False,False,False,False,False,False,False,False,False,False,False,False,False,False,False,False,False,False,False,False,False,False,False,False,False,False,False,1993920101,101,90,1,64,a,50.0,50.0,90,SecondHalf,Foul,Successful,[],[],1993920,2026-08-31T00:00:00,2026-08-31T19:30:00,5 : 2,5 : 2,2 : 1,,Spotify Camp Nou,95,,Adrià Pedrosa,,,,,,,,,False,,
False,False,False,False,False,False,False,False,False,False,False,False,False,False,False,False,False,False,False,False,False,False,False,False,False,False,False,False,False,False,False,False,False,False,False,False,False,False,False,False,False,False,False,False,False,False,False,False,False,False,False,False,False,False,False,False,False,False,False,False,False,False,False,False,False,False,False,False,True,False,False,False,False,False,False,False,False,False,False,False,False,False,False,False,False,False,False,False,False,False,False,False,False,False,False,False,False,False,False,False,False,False,False,False,False,False,False,False,False,False,False,False,False,False,False,False,False,False,False,False,False,False,False,False,False,False,False,False,False,False,False,False,False,False,False,False,False,False,False,False,False,False,False,False,False,False,False,False,False,False,False,False,False,False,False,False,False,False,False,False,False,False,False,False,False,1993920102,102,90,3,64,a,50.0,50.0,90,SecondHalf,Card,Successful,[],[],1993920,2026-08-31T00:00:00,2026-08-31T19:30:00,5 : 2,5 : 2,2 : 1,,Spotify Camp Nou,95,,Adrià Pedrosa,,,,,,,,,Yellow,,
True,False,False,False,False,False,False,False,False,False,False,False,False,False,False,False,False,False,False,False,False,False,False,False,False,False,False,False,False,False,False,False,False,False,False,False,False,False,False,False,False,False,False,False,False,False,False,False,False,False,False,False,False,False,False,False,False,False,False,False,False,False,False,False,False,False,False,False,False,False,False,False,False,False,False,False,False,False,False,False,False,False,False,False,False,False,False,False,False,False,False,False,False,False,False,False,False,False,False,False,False,False,False,False,False,False,False,False,False,False,False,False,False,False,False,False,True,False,False,False,False,False,False,False,False,False,False,False,False,False,False,False,False,False,False,False,False,False,False,False,False,False,False,False,False,False,False,False,False,False,False,False,False,False,False,False,False,False,False,False,False,False,False,False,False,1993920106,106,90,6,65,h,1.5,50.0,90,SecondHalf,Save,Successful,[],[],1993920,2026-08-31T00:00:00,2026-08-31T19:30:00,5 : 2,5 : 2,2 : 1,,Spotify Camp Nou,95,,Joan García,,,105.0,,,,,,False,,
False,False,False,False,False,False,False,False,False,False,False,False,False,False,False,False,False,False,False,False,False,False,False,False,False,False,False,False,False,False,False,False,False,False,False,False,False,False,False,False,False,False,False,False,False,False,False,False,False,False,False,False,False,False,False,False,False,False,False,False,False,False,False,False,False,False,False,True,False,False,False,False,False,False,False,False,False,False,False,False,False,False,False,False,False,False,False,False,False,False,False,False,False,False,False,False,False,False,False,False,False,False,False,False,False,False,False,False,False,False,False,False,False,False,False,False,False,False,False,False,False,False,False,False,False,False,False,False,False,False,False,False,False,False,False,False,False,False,False,False,False,False,False,False,False,False,False,False,False,False,False,False,False,False,False,False,False,False,False,False,False,False,False,False,False,1993920109,109,90,9,64,a,50.0,50.0,90,SecondHalf,Foul,Successful,[],[],1993920,2026-08-31T00:00:00,2026-08-31T19:30:00,5 : 2,5 : 2,2 : 1,,Spotify Camp Nou,95,,Fran Pérez,,,,,,,,,False,,
