id,minute,second,period,playerName,playerId,teamId,h_a,x,y,type,outcomeType,qualifiers
2944934279.0,1,19.0,FirstHalf,Kim Moon-Hwan,414214,1159,a,62.3,4.6,Tackle,Successful,"[{""type"": ""Zone"", ""value"": ""Right""}, {""type"": ""StandingSave""}, {""type"": ""OppositeRelatedEvent"", ""value"": ""9""}, {""type"": ""Defensive""}]"
2944934297.0,1,46.0,FirstHalf,Lee Jae-Sung,142959,1159,a,73.0,86.8,BlockedPass,Successful,"[{""type"": ""Zone"", ""value"": ""Left""}, {""type"": ""OppositeRelatedEvent"", ""value"": ""15""}, {""type"": ""Defensive""}]"
2944934315.0,2,11.0,FirstHalf,Luis Romo,447635,972,h,31.3,63.3,Interception,Successful,"[{""type"": ""Zone"", ""value"": ""Back""}]"
2944934317.0,2,12.0,FirstHalf,Lee Jae-Sung,142959,1159,a,68.0,50.6,BallRecovery,Successful,[]
2944934337.0,2,29.0,FirstHalf,Roberto Alvarado,447636,972,h,23.0,8.2,Clearance,Successful,"[{""type"": ""Zone"", ""value"": ""Back""}, {""type"": ""PassEndX"", ""value"": ""36.0""}, {""type"": ""PassEndY"", ""value"": ""30.0""}, {""type"": ""Length"", ""value"": ""20.2""}, {""type"": ""Angle"", ""value"": ""0.83""}]"
2944934345.0,2,36.0,FirstHalf,Julián Quiñones,509557,972,h,38.3,38.9,BallRecovery,Successful,[]
2944934433.0,5,1.0,FirstHalf,Johan Vásquez,425115,972,h,31.3,22.8,BallRecovery,Successful,[]
2944934443.0,5,7.0,FirstHalf,Lee Han-Beom,531031,1159,a,33.0,56.3,Clearance,Successful,"[{""type"": ""Zone"", ""value"": ""Back""}, {""type"": ""PassEndX"", ""value"": ""40.9""}, {""type"": ""PassEndY"", ""value"": ""60.6""}, {""type"": ""Length"", ""value"": ""8.8""}, {""type"": ""Angle"", ""value"": ""0.34""}]"
2944934457.0,5,14.0,FirstHalf,Lee Kang-In,367780,1159,a,37.6,58.7,Tackle,Unsuccessful,"[{""type"": ""Zone"", ""value"": ""Back""}, {""type"": ""StandingSave""}, {""type"": ""OppositeRelatedEvent"", ""value"": ""46""}, {""type"": ""Defensive""}]"
2944934459.0,5,15.0,FirstHalf,Lee Jae-Sung,142959,1159,a,41.0,68.8,BlockedPass,Successful,"[{""type"": ""Zone"", ""value"": ""Back""}, {""type"": ""OppositeRelatedEvent"", ""value"": ""47""}, {""type"": ""Defensive""}]"
2944934463.0,5,18.0,FirstHalf,Lee Jae-Sung,142959,1159,a,40.6,65.8,Tackle,Unsuccessful,"[{""type"": ""Zone"", ""value"": ""Back""}, {""type"": ""StandingSave""}, {""type"": ""OppositeRelatedEvent"", ""value"": ""111""}, {""type"": ""Defensive""}]"
2944934469.0,5,23.0,FirstHalf,Kim Min-Jae,370912,1159,a,27.1,47.9,BallRecovery,Successful,[]
2944934479.0,5,28.0,FirstHalf,Érik Lira,447638,972,h,58.7,61.8,BallRecovery,Successful,[]
2944934505.0,5,43.0,FirstHalf,Paik Seung-Ho,362786,1159,a,8.5,40.4,Clearance,Successful,"[{""type"": ""Zone"", ""value"": ""Back""}, {""type"": ""PassEndX"", ""value"": ""11.3""}, {""type"": ""PassEndY"", ""value"": ""17.3""}, {""type"": ""Length"", ""value"": ""16.0""}, {""type"": ""Angle"", ""value"": ""4.90""}]"
2944934507.0,5,45.0,FirstHalf,Kim Moon-Hwan,414214,1159,a,11.9,17.6,Clearance,Successful,"[{""type"": ""Head""}, {""type"": ""Zone"", ""value"": ""Back""}, {""type"": ""PassEndX"", ""value"": ""21.1""}, {""type"": ""PassEndY"", ""value"": ""6.8""}, {""type"": ""Length"", ""value"": ""12.1""}, {""type"": ""Angle"", ""value"": ""5.63""}]"
2944934515.0,5,51.0,FirstHalf,Kim Moon-Hwan,414214,1159,a,10.8,9.4,BallRecovery,Successful,[]
2944934527.0,5,55.0,FirstHalf,Edson Álvarez,322696,972,h,45.7,57.8,BallRecovery,Successful,[]
2944934569.0,6,14.0,FirstHalf,Lee Gi-Hyuk,447593,1159,a,16.8,70.8,Clearance,Successful,"[{""type"": ""Zone"", ""value"": ""Back""}, {""type"": ""PassEndX"", ""value"": ""26.2""}, {""type"": ""PassEndY"", ""value"": ""82.8""}, {""type"": ""Length"", ""value"": ""12.8""}, {""type"": ""Angle"", ""value"": ""0.69""}]"
2944934571.0,6,21.0,FirstHalf,Kim Seung-Gyu,71968,1159,a,1.8,58.9,KeeperPickup,Successful,[]
2944934585.0,6,36.0,FirstHalf,Johan Vásquez,425115,972,h,53.6,93.6,BallRecovery,Successful,[]
2944934609.0,7,1.0,FirstHalf,Kim Seung-Gyu,71968,1159,a,4.8,55.8,KeeperPickup,Successful,[]
2944934633.0,7,17.0,FirstHalf,Raúl Rangel,527319,972,h,11.1,56.1,BallRecovery,Successful,[]
2944934735.0,8,6.0,FirstHalf,Lee Gi-Hyuk,447593,1159,a,46.5,91.4,BallRecovery,Successful,[]
2944934893.0,9,30.0,FirstHalf,Lee Jae-Sung,142959,1159,a,20.5,66.6,BallRecovery,Successful,[]
2944934939.0,9,49.0,FirstHalf,Raúl Rangel,527319,972,h,13.1,64.2,KeeperPickup,Successful,[]
2944934977.0,10,15.0,FirstHalf,Kim Seung-Gyu,71968,1159,a,14.2,52.8,KeeperPickup,Successful,[]
2944935021.0,10,39.0,FirstHalf,Brian Gutiérrez,396565,972,h,72.2,3.2,Tackle,Successful,"[{""type"": ""Zone"", ""value"": ""Right""}, {""type"": ""StandingSave""}, {""type"": ""OppositeRelatedEvent"", ""value"": ""105""}, {""type"": ""Offensive""}]"
2944935045.0,10,59.0,FirstHalf,Luis Romo,447635,972,h,59.7,3.8,Tackle,Unsuccessful,"[{""type"": ""Zone"", ""value"": ""Right""}, {""type"": ""StandingSave""}, {""type"": ""OppositeRelatedEvent"", ""value"": ""111""}, {""type"": ""Defensive""}]"
2944935057.0,11,3.0,FirstHalf,Jorge Sánchez,447643,972,h,57.6,5.9,BallRecovery,Successful,[]
2944935149.0,12,0.0,FirstHalf,Kim Seung-Gyu,71968,1159,a,14.5,46.6,BallRecovery,Successful,[]
2944935197.0,12,31.0,FirstHalf,Érik Lira,447638,972,h,53.2,16.5,BallRecovery,Successful,[]
2944935201.0,12,33.0,FirstHalf,Lee Jae-Sung,142959,1159,a,57.0,89.8,Tackle,Successful,"[{""type"": ""Zone"", ""value"": ""Left""}, {""type"": ""StandingSave""}, {""type"": ""OppositeRelatedEvent"", ""value"": ""120""}, {""type"": ""Defensive""}]"
2944935203.0,12,34.0,FirstHalf,Seol Young-Woo,477549,1159,a,65.8,91.5,BallRecovery,Successful,[]
2944935215.0,12,37.0,FirstHalf,Roberto Alvarado,447636,972,h,33.0,18.5,Tackle,Successful,"[{""type"": ""Zone"", ""value"": ""Back""}, {""type"": ""OppositeRelatedEvent"", ""value"": ""128""}, {""type"": ""Defensive""}]"
2944935219.0,12,39.0,FirstHalf,Brian Gutiérrez,396565,972,h,36.1,28.3,BallRecovery,Successful,[]
2944935243.0,13,11.0,FirstHalf,Lee Han-Beom,531031,1159,a,33.6,6.2,BallRecovery,Successful,[]
2944935255.0,13,14.0,FirstHalf,Jesús Gallardo,252248,972,h,46.3,91.1,BallRecovery,Successful,[]
2944935403.0,14,21.0,FirstHalf,Kim Min-Jae,370912,1159,a,31.6,32.6,Clearance,Successful,"[{""type"": ""Zone"", ""value"": ""Center""}, {""type"": ""PassEndX"", ""value"": ""56.7""}, {""type"": ""PassEndY"", ""value"": ""23.6""}, {""type"": ""Length"", ""value"": ""27.1""}, {""type"": ""Angle"", ""value"": ""6.06""}]"
2944935405.0,14,46.0,FirstHalf,Kim Min-Jae,370912,1159,a,38.5,58.0,Tackle,Successful,"[{""type"": ""Zone"", ""value"": ""Back""}, {""type"": ""StandingSave""}, {""type"": ""OppositeRelatedEvent"", ""value"": ""161""}, {""type"": ""Defensive""}]"
2944935895.0,14,50.0,FirstHalf,Lee Jae-Sung,142959,1159,a,42.3,68.2,BallRecovery,Successful,[]
2944935511.0,16,1.0,FirstHalf,Kim Moon-Hwan,414214,1159,a,67.3,29.8,BallRecovery,Successful,[]
2944935519.0,16,8.0,FirstHalf,Julián Quiñones,509557,972,h,22.3,76.4,BallRecovery,Successful,[]
2944935633.0,17,10.0,FirstHalf,Érik Lira,447638,972,h,32.7,12.1,Tackle,Unsuccessful,"[{""type"": ""Zone"", ""value"": ""Back""}, {""type"": ""StandingSave""}, {""type"": ""OppositeRelatedEvent"", ""value"": ""150""}, {""type"": ""Defensive""}]"
2944935639.0,17,16.0,FirstHalf,Luis Romo,447635,972,h,25.7,26.1,BallRecovery,Successful,[]
2944935749.0,18,9.0,FirstHalf,Lee Jae-Sung,142959,1159,a,41.8,87.0,Tackle,Successful,"[{""type"": ""Zone"", ""value"": ""Back""}, {""type"": ""StandingSave""}, {""type"": ""OppositeRelatedEvent"", ""value"": ""195""}, {""type"": ""Defensive""}]"
2944935751.0,18,11.0,FirstHalf,Seol Young-Woo,477549,1159,a,33.5,86.4,BallRecovery,Successful,[]
2944935793.0,18,50.0,FirstHalf,Kim Moon-Hwan,414214,1159,a,39.5,5.6,BallRecovery,Successful,[]
2944935809.0,18,53.0,FirstHalf,Érik Lira,447638,972,h,56.8,90.7,Tackle,Unsuccessful,"[{""type"": ""Zone"", ""value"": ""Left""}, {""type"": ""StandingSave""}, {""type"": ""OppositeRelatedEvent"", ""value"": ""173""}, {""type"": ""Defensive""}]"
2944935815.0,18,55.0,FirstHalf,Érik Lira,447638,972,h,58.2,86.8,BallRecovery,Successful,[]
2944935881.0,19,17.0,FirstHalf,Kim Seung-Gyu,71968,1159,a,2.9,47.8,KeeperPickup,Successful,[]
2944935891.0,19,38.0,FirstHalf,Edson Álvarez,322696,972,h,54.1,60.0,BallRecovery,Successful,[]
2944936087.0,21,33.0,FirstHalf,Kim Seung-Gyu,71968,1159,a,14.2,54.0,KeeperPickup,Successful,[]
2944936117.0,21,51.0,FirstHalf,Luis Romo,447635,972,h,54.3,34.9,BallRecovery,Successful,[]
2944936413.0,25,43.0,FirstHalf,Edson Álvarez,322696,972,h,34.2,12.6,Interception,Successful,"[{""type"": ""Head""}, {""type"": ""Zone"", ""value"": ""Back""}]"
2944936441.0,25,52.0,FirstHalf,Roberto Alvarado,447636,972,h,18.7,6.1,Clearance,Successful,"[{""type"": ""Zone"", ""value"": ""Back""}, {""type"": ""BlockedCross""}, {""type"": ""OppositeRelatedEvent"", ""value"": ""207""}]"
2944936505.0,26,19.0,FirstHalf,Jesús Gallardo,252248,972,h,37.0,72.4,BallRecovery,Successful,[]
2944936885.0,26,37.0,FirstHalf,Seol Young-Woo,477549,1159,a,43.7,96.0,BlockedPass,Successful,"[{""type"": ""Zone"", ""value"": ""Back""}, {""type"": ""OppositeRelatedEvent"", ""value"": ""266""}, {""type"": ""Defensive""}]"
2944936561.0,26,39.0,FirstHalf,Seol Young-Woo,477549,1159,a,46.4,93.8,BallRecovery,Successful,[]
2944936589.0,26,55.0,FirstHalf,Raúl Rangel,527319,972,h,8.7,50.4,BallRecovery,Successful,[]
2944936603.0,27,6.0,FirstHalf,Lee Han-Beom,531031,1159,a,42.4,10.0,BallRecovery,Successful,[]
2944936617.0,27,13.0,FirstHalf,Luis Romo,447635,972,h,50.8,71.8,Tackle,Unsuccessful,"[{""type"": ""Zone"", ""value"": ""Center""}, {""type"": ""StandingSave""}, {""type"": ""OppositeRelatedEvent"", ""value"": ""225""}, {""type"": ""Defensive""}]"
2944936623.0,27,17.0,FirstHalf,Raúl Rangel,527319,972,h,24.0,65.2,BallRecovery,Successful,[]
2944936697.0,28,0.0,FirstHalf,Raúl Rangel,527319,972,h,3.9,72.0,KeeperPickup,Successful,[]
2944936733.0,28,28.0,FirstHalf,Son Heung-Min,91909,1159,a,75.7,52.8,BallRecovery,Successful,[]
2944937551.0,29,12.0,FirstHalf,Lee Gi-Hyuk,447593,1159,a,60.2,67.0,Tackle,Successful,"[{""type"": ""Zone"", ""value"": ""Center""}, {""type"": ""OppositeRelatedEvent"", ""value"": ""291""}, {""type"": ""Defensive""}]"
2944936759.0,29,13.0,FirstHalf,Luis Romo,447635,972,h,44.3,46.6,BlockedPass,Successful,"[{""type"": ""Zone"", ""value"": ""Back""}, {""type"": ""OppositeRelatedEvent"", ""value"": ""236""}, {""type"": ""Defensive""}]"
2944937011.0,31,59.0,FirstHalf,Kim Seung-Gyu,71968,1159,a,5.0,75.6,KeeperPickup,Successful,[]
2944937041.0,32,24.0,FirstHalf,Raúl Rangel,527319,972,h,12.1,30.3,KeeperPickup,Successful,[]
2944937063.0,32,34.0,FirstHalf,Lee Han-Beom,531031,1159,a,31.3,10.1,Clearance,Successful,"[{""type"": ""Head""}, {""type"": ""Zone"", ""value"": ""Back""}, {""type"": ""PassEndX"", ""value"": ""32.6""}, {""type"": ""PassEndY"", ""value"": ""22.6""}, {""type"": ""Length"", ""value"": ""8.6""}, {""type"": ""Angle"", ""value"": ""1.41""}]"
2944937067.0,32,37.0,FirstHalf,Kim Min-Jae,370912,1159,a,31.9,25.6,Clearance,Successful,"[{""type"": ""Head""}, {""type"": ""Zone"", ""value"": ""Back""}, {""type"": ""PassEndX"", ""value"": ""41.5""}, {""type"": ""PassEndY"", ""value"": ""39.8""}, {""type"": ""Length"", ""value"": ""14.0""}, {""type"": ""Angle"", ""value"": ""0.76""}]"
2944937077.0,32,40.0,FirstHalf,Paik Seung-Ho,362786,1159,a,36.3,46.9,Interception,Successful,"[{""type"": ""Zone"", ""value"": ""Back""}]"
2944937103.0,32,51.0,FirstHalf,Lee Jae-Sung,142959,1159,a,32.4,86.9,BallRecovery,Successful,[]
2944937117.0,33,6.0,FirstHalf,Luis Romo,447635,972,h,67.4,4.2,Tackle,Successful,"[{""type"": ""Zone"", ""value"": ""Right""}, {""type"": ""StandingSave""}, {""type"": ""OppositeRelatedEvent"", ""value"": ""261""}, {""type"": ""Offensive""}]"
2944937161.0,33,32.0,FirstHalf,Johan Vásquez,425115,972,h,42.3,11.3,BallRecovery,Successful,[]
2944937247.0,34,20.0,FirstHalf,Kim Seung-Gyu,71968,1159,a,4.5,26.6,BallRecovery,Successful,[]
2944937273.0,34,40.0,FirstHalf,Roberto Alvarado,447636,972,h,21.2,28.2,BallRecovery,Successful,[]
2944937317.0,35,4.0,FirstHalf,Kim Seung-Gyu,71968,1159,a,11.8,21.4,BallRecovery,Successful,[]
2944937679.0,39,3.0,FirstHalf,Edson Álvarez,322696,972,h,19.0,16.2,Clearance,Successful,"[{""type"": ""Zone"", ""value"": ""Back""}, {""type"": ""PassEndX"", ""value"": ""27.5""}, {""type"": ""PassEndY"", ""value"": ""0.0""}, {""type"": ""Length"", ""value"": ""14.8""}, {""type"": ""Angle"", ""value"": ""5.36""}]"
2944937785.0,40,30.0,FirstHalf,Paik Seung-Ho,362786,1159,a,63.5,24.7,BallRecovery,Successful,[]
2944937829.0,41,13.0,FirstHalf,Seol Young-Woo,477549,1159,a,24.2,78.5,BallRecovery,Successful,[]
2944937865.0,41,33.0,FirstHalf,Jesús Gallardo,252248,972,h,15.0,88.1,BlockedPass,Successful,"[{""type"": ""Zone"", ""value"": ""Back""}, {""type"": ""OppositeRelatedEvent"", ""value"": ""373""}, {""type"": ""Defensive""}]"
2944937935.0,42,11.0,FirstHalf,Roberto Alvarado,447636,972,h,6.8,9.4,Clearance,Successful,"[{""type"": ""Zone"", ""value"": ""Back""}, {""type"": ""BlockedCross""}, {""type"": ""OppositeRelatedEvent"", ""value"": ""386""}]"
2944938041.0,43,24.0,FirstHalf,Raúl Rangel,527319,972,h,10.7,32.4,KeeperPickup,Successful,[]
2944938105.0,43,49.0,FirstHalf,Hwang In-Beom,371030,1159,a,64.2,50.9,BallRecovery,Successful,[]
2944938117.0,43,55.0,FirstHalf,Johan Vásquez,425115,972,h,13.7,58.1,Save,Successful,"[{""type"": ""Zone"", ""value"": ""Back""}, {""type"": ""OutfielderBlock""}, {""type"": ""OppositeRelatedEvent"", ""value"": ""414""}]"
2944938127.0,44,1.0,FirstHalf,Jesús Gallardo,252248,972,h,13.5,80.6,Clearance,Successful,"[{""type"": ""Head""}, {""type"": ""Zone"", ""value"": ""Back""}, {""type"": ""PassEndX"", ""value"": ""23.1""}, {""type"": ""PassEndY"", ""value"": ""95.0""}, {""type"": ""Length"", ""value"": ""14.1""}, {""type"": ""Angle"", ""value"": ""0.77""}]"
2944938139.0,44,9.0,FirstHalf,Kim Min-Jae,370912,1159,a,55.9,42.6,Tackle,Successful,"[{""type"": ""Zone"", ""value"": ""Center""}, {""type"": ""StandingSave""}, {""type"": ""OppositeRelatedEvent"", ""value"": ""384""}, {""type"": ""Defensive""}]"
2944938229.0,45,4.0,FirstHalf,Roberto Alvarado,447636,972,h,7.3,22.8,Clearance,Successful,"[{""type"": ""Zone"", ""value"": ""Back""}, {""type"": ""PassEndX"", ""value"": ""12.5""}, {""type"": ""PassEndY"", ""value"": ""0.0""}, {""type"": ""Length"", ""value"": ""17.5""}, {""type"": ""Angle"", ""value"": ""5.03""}]"
2944938349.0,46,15.0,FirstHalf,Lee Han-Beom,531031,1159,a,34.6,85.9,Interception,Successful,"[{""type"": ""Zone"", ""value"": ""Back""}]"
2944938381.0,46,40.0,FirstHalf,Seol Young-Woo,477549,1159,a,45.3,86.3,BallRecovery,Successful,[]
2944938497.0,47,42.0,FirstHalf,Paik Seung-Ho,362786,1159,a,44.5,29.2,Tackle,Unsuccessful,"[{""type"": ""Zone"", ""value"": ""Back""}, {""type"": ""StandingSave""}, {""type"": ""OppositeRelatedEvent"", ""value"": ""402""}, {""type"": ""Defensive""}]"
2944938635.0,49,1.0,FirstHalf,Lee Han-Beom,531031,1159,a,65.4,8.8,BlockedPass,Successful,"[{""type"": ""Zone"", ""value"": ""Right""}, {""type"": ""OppositeRelatedEvent"", ""value"": ""414""}, {""type"": ""Defensive""}]"
2944938645.0,49,3.0,FirstHalf,Son Heung-Min,91909,1159,a,69.6,18.2,Tackle,Successful,"[{""type"": ""Zone"", ""value"": ""Right""}, {""type"": ""StandingSave""}, {""type"": ""OppositeRelatedEvent"", ""value"": ""415""}, {""type"": ""Offensive""}]"
2944938659.0,49,8.0,FirstHalf,Jesús Gallardo,252248,972,h,32.0,92.8,Tackle,Unsuccessful,"[{""type"": ""Zone"", ""value"": ""Back""}, {""type"": ""StandingSave""}, {""type"": ""OppositeRelatedEvent"", ""value"": ""476""}, {""type"": ""Defensive""}]"
2944939229.0,45,32.0,SecondHalf,Kim Min-Jae,370912,1159,a,26.2,63.3,BallRecovery,Successful,[]
2944939285.0,46,42.0,SecondHalf,Lee Jae-Sung,142959,1159,a,55.6,58.3,Tackle,Successful,"[{""type"": ""Zone"", ""value"": ""Center""}, {""type"": ""StandingSave""}, {""type"": ""OppositeRelatedEvent"", ""value"": ""440""}, {""type"": ""Defensive""}]"
2944939293.0,46,45.0,SecondHalf,Son Heung-Min,91909,1159,a,57.2,61.5,BallRecovery,Successful,[]
2944939289.0,46,46.0,SecondHalf,Luis Romo,447635,972,h,42.7,38.6,BlockedPass,Successful,"[{""type"": ""Zone"", ""value"": ""Back""}, {""type"": ""OppositeRelatedEvent"", ""value"": ""496""}, {""type"": ""Defensive""}]"
2944939297.0,46,47.0,SecondHalf,Luis Romo,447635,972,h,40.9,54.5,BallRecovery,Successful,[]
2944939321.0,47,13.0,SecondHalf,Son Heung-Min,91909,1159,a,52.7,54.3,BallRecovery,Successful,[]
2944939337.0,47,30.0,SecondHalf,Raúl Rangel,527319,972,h,5.1,46.6,KeeperPickup,Successful,[]
2944939367.0,48,4.0,SecondHalf,Lee Gi-Hyuk,447593,1159,a,44.6,23.5,Clearance,Successful,"[{""type"": ""Zone"", ""value"": ""Back""}, {""type"": ""PassEndX"", ""value"": ""45.3""}, {""type"": ""PassEndY"", ""value"": ""25.0""}, {""type"": ""Length"", ""value"": ""1.3""}, {""type"": ""Angle"", ""value"": ""0.95""}]"
2944939387.0,48,45.0,SecondHalf,Jesús Gallardo,252248,972,h,43.9,83.5,BallRecovery,Successful,[]
2944939413.0,49,30.0,SecondHalf,Érik Lira,447638,972,h,71.1,84.8,BallRecovery,Successful,[]
2944939427.0,49,39.0,SecondHalf,Lee Gi-Hyuk,447593,1159,a,8.4,46.9,Save,Successful,"[{""type"": ""Zone"", ""value"": ""Back""}, {""type"": ""OutfielderBlock""}, {""type"": ""OppositeRelatedEvent"", ""value"": ""480""}]"
2944939489.0,53,10.0,SecondHalf,Raúl Rangel,527319,972,h,11.7,54.9,KeeperPickup,Successful,[]
2944939507.0,53,52.0,SecondHalf,Edson Álvarez,322696,972,h,25.6,72.6,BallRecovery,Successful,[]
2944939551.0,54,52.0,SecondHalf,Érik Lira,447638,972,h,40.1,68.7,Interception,Successful,"[{""type"": ""Zone"", ""value"": ""Back""}]"
2944939557.0,54,55.0,SecondHalf,Luis Romo,447635,972,h,38.2,68.1,Tackle,Successful,"[{""type"": ""Zone"", ""value"": ""Back""}, {""type"": ""StandingSave""}, {""type"": ""OppositeRelatedEvent"", ""value"": ""560""}, {""type"": ""Defensive""}]"
2944939563.0,55,0.0,SecondHalf,Kim Moon-Hwan,414214,1159,a,70.1,15.0,BallRecovery,Successful,[]
2944939573.0,55,5.0,SecondHalf,Brian Gutiérrez,396565,972,h,18.2,46.2,Interception,Successful,"[{""type"": ""Zone"", ""value"": ""Back""}]"
2944939577.0,55,7.0,SecondHalf,Roberto Alvarado,447636,972,h,10.8,46.9,Clearance,Successful,"[{""type"": ""Zone"", ""value"": ""Back""}, {""type"": ""PassEndX"", ""value"": ""42.6""}, {""type"": ""PassEndY"", ""value"": ""0.0""}, {""type"": ""Length"", ""value"": ""46.6""}, {""type"": ""Angle"", ""value"": ""5.51""}]"
2944939589.0,55,33.0,SecondHalf,Roberto Alvarado,447636,972,h,45.0,2.6,BlockedPass,Successful,"[{""type"": ""Zone"", ""value"": ""Back""}, {""type"": ""OppositeRelatedEvent"", ""value"": ""569""}, {""type"": ""Defensive""}]"
2944939593.0,55,36.0,SecondHalf,Roberto Alvarado,447636,972,h,46.2,6.5,BallRecovery,Successful,[]
2944939601.0,55,41.0,SecondHalf,Kim Min-Jae,370912,1159,a,25.3,79.1,BallRecovery,Successful,[]
2944939643.0,57,2.0,SecondHalf,Edson Álvarez,322696,972,h,29.5,60.6,BallRecovery,Successful,[]
2944939667.0,57,26.0,SecondHalf,Hwang In-Beom,371030,1159,a,71.0,29.9,BallRecovery,Successful,[]
2944939671.0,57,28.0,SecondHalf,Johan Vásquez,425115,972,h,14.2,56.0,Save,Successful,"[{""type"": ""Zone"", ""value"": ""Back""}, {""type"": ""OutfielderBlock""}, {""type"": ""OppositeRelatedEvent"", ""value"": ""592""}]"
2944939673.0,57,31.0,SecondHalf,Brian Gutiérrez,396565,972,h,26.2,44.8,BallRecovery,Successful,[]
2944939685.0,58,48.0,SecondHalf,Edson Álvarez,322696,972,h,47.4,23.4,Clearance,Successful,"[{""type"": ""Head""}, {""type"": ""Zone"", ""value"": ""Center""}, {""type"": ""PassEndX"", ""value"": ""60.8""}, {""type"": ""PassEndY"", ""value"": ""67.5""}, {""type"": ""Length"", ""value"": ""33.1""}, {""type"": ""Angle"", ""value"": ""1.13""}]"
2944939687.0,58,52.0,SecondHalf,Kim Moon-Hwan,414214,1159,a,37.7,27.4,BallRecovery,Successful,[]
2944939845.0,64,13.0,SecondHalf,Kim Moon-Hwan,414214,1159,a,35.8,5.5,Interception,Successful,"[{""type"": ""Zone"", ""value"": ""Back""}]"
2944939893.0,65,37.0,SecondHalf,Jorge Sánchez,447643,972,h,39.0,18.5,Interception,Successful,"[{""type"": ""Zone"", ""value"": ""Back""}]"
2944939895.0,65,38.0,SecondHalf,Érik Lira,447638,972,h,35.1,35.1,BallRecovery,Successful,[]
2944939905.0,65,44.0,SecondHalf,Kim Min-Jae,370912,1159,a,25.7,38.3,BlockedPass,Successful,"[{""type"": ""Zone"", ""value"": ""Back""}, {""type"": ""OppositeRelatedEvent"", ""value"": ""570""}, {""type"": ""Defensive""}]"
2944939907.0,65,46.0,SecondHalf,Lee Gi-Hyuk,447593,1159,a,18.6,48.7,Clearance,Successful,"[{""type"": ""Zone"", ""value"": ""Right""}, {""type"": ""PassEndX"", ""value"": ""56.6""}, {""type"": ""PassEndY"", ""value"": ""17.0""}, {""type"": ""Length"", ""value"": ""45.4""}, {""type"": ""Angle"", ""value"": ""5.79""}]"
2944939925.0,66,14.0,SecondHalf,Lee Han-Beom,531031,1159,a,31.6,60.6,BallRecovery,Successful,[]
2944939945.0,66,39.0,SecondHalf,Jesús Gallardo,252248,972,h,7.8,71.4,Clearance,Successful,"[{""type"": ""Zone"", ""value"": ""Back""}, {""type"": ""PassEndX"", ""value"": ""18.0""}, {""type"": ""PassEndY"", ""value"": ""100.0""}, {""type"": ""Length"", ""value"": ""23.0""}, {""type"": ""Angle"", ""value"": ""1.09""}]"
2944939967.0,67,9.0,SecondHalf,Jesús Gallardo,252248,972,h,28.8,96.3,BlockedPass,Successful,"[{""type"": ""Zone"", ""value"": ""Back""}, {""type"": ""OppositeRelatedEvent"", ""value"": ""687""}, {""type"": ""Defensive""}]"
2944940005.0,71,5.0,SecondHalf,Johan Vásquez,425115,972,h,5.3,60.0,Clearance,Successful,"[{""type"": ""Head""}, {""type"": ""Zone"", ""value"": ""Back""}, {""type"": ""PassEndX"", ""value"": ""13.0""}, {""type"": ""PassEndY"", ""value"": ""76.0""}, {""type"": ""Length"", ""value"": ""13.6""}, {""type"": ""Angle"", ""value"": ""0.93""}]"
2944940015.0,71,9.0,SecondHalf,Julián Quiñones,509557,972,h,10.1,72.9,Clearance,Successful,"[{""type"": ""Zone"", ""value"": ""Center""}, {""type"": ""PassEndX"", ""value"": ""53.5""}, {""type"": ""PassEndY"", ""value"": ""37.1""}, {""type"": ""Length"", ""value"": ""51.7""}, {""type"": ""Angle"", ""value"": ""5.79""}]"
2944940037.0,71,56.0,SecondHalf,Paik Seung-Ho,362786,1159,a,41.9,31.4,BallRecovery,Successful,[]
2944940065.0,72,45.0,SecondHalf,Obed Vargas,419580,972,h,58.3,77.5,BallRecovery,Successful,[]
2944940183.0,72,47.0,SecondHalf,Lee Han-Beom,531031,1159,a,36.1,14.0,BlockedPass,Successful,"[{""type"": ""Zone"", ""value"": ""Back""}, {""type"": ""OppositeRelatedEvent"", ""value"": ""603""}, {""type"": ""Defensive""}]"
2944940239.0,72,49.0,SecondHalf,Yang Hyun-Jun,457093,1159,a,32.3,14.5,BallRecovery,Successful,[]
2944940071.0,72,51.0,SecondHalf,Orbelín Pineda,228547,972,h,65.2,77.6,BallRecovery,Successful,[]
2944940093.0,73,36.0,SecondHalf,Hwang In-Beom,371030,1159,a,9.5,17.8,BallRecovery,Successful,[]
2944940101.0,73,41.0,SecondHalf,Edson Álvarez,322696,972,h,58.2,45.8,Tackle,Successful,"[{""type"": ""Zone"", ""value"": ""Center""}, {""type"": ""StandingSave""}, {""type"": ""OppositeRelatedEvent"", ""value"": ""721""}, {""type"": ""Defensive""}]"
2944940103.0,73,43.0,SecondHalf,Obed Vargas,419580,972,h,60.9,55.2,BallRecovery,Successful,[]
2944940137.0,74,32.0,SecondHalf,Obed Vargas,419580,972,h,66.7,87.4,BallRecovery,Successful,[]
2944940147.0,74,43.0,SecondHalf,Eom Ji-Sung,458184,1159,a,6.7,79.1,BallRecovery,Successful,[]
2944940191.0,76,53.0,SecondHalf,Lee Han-Beom,531031,1159,a,29.7,4.0,Clearance,Successful,"[{""type"": ""Head""}, {""type"": ""Zone"", ""value"": ""Back""}, {""type"": ""PassEndX"", ""value"": ""40.1""}, {""type"": ""PassEndY"", ""value"": ""0.0""}, {""type"": ""Length"", ""value"": ""11.6""}, {""type"": ""Angle"", ""value"": ""5.94""}]"
2944940203.0,77,14.0,SecondHalf,Yang Hyun-Jun,457093,1159,a,33.8,9.7,Interception,Successful,"[{""type"": ""Zone"", ""value"": ""Back""}]"
2944940207.0,77,15.0,SecondHalf,Hwang In-Beom,371030,1159,a,30.0,23.0,Interception,Successful,"[{""type"": ""Zone"", ""value"": ""Back""}]"
2944940277.0,77,15.0,SecondHalf,Julián Quiñones,509557,972,h,70.7,67.7,BlockedPass,Successful,"[{""type"": ""Zone"", ""value"": ""Center""}, {""type"": ""OppositeRelatedEvent"", ""value"": ""750""}, {""type"": ""Defensive""}]"
2944940211.0,77,17.0,SecondHalf,Yang Hyun-Jun,457093,1159,a,25.3,25.6,BallRecovery,Successful,[]
2944940223.0,77,20.0,SecondHalf,Jesús Gallardo,252248,972,h,68.6,82.2,Tackle,Unsuccessful,"[{""type"": ""Zone"", ""value"": ""Left""}, {""type"": ""StandingSave""}, {""type"": ""OppositeRelatedEvent"", ""value"": ""751""}, {""type"": ""Offensive""}]"
2944940225.0,77,23.0,SecondHalf,Yang Hyun-Jun,457093,1159,a,33.8,24.6,BlockedPass,Successful,"[{""type"": ""Zone"", ""value"": ""Back""}, {""type"": ""OppositeRelatedEvent"", ""value"": ""642""}, {""type"": ""Defensive""}]"
2944940477.0,77,24.0,SecondHalf,Obed Vargas,419580,972,h,70.7,80.5,BallRecovery,Successful,[]
2944940247.0,77,32.0,SecondHalf,Hwang Hee-Chan,262854,1159,a,27.0,50.7,BallRecovery,Successful,[]
2944940273.0,78,25.0,SecondHalf,Kim Min-Jae,370912,1159,a,30.3,62.0,BallRecovery,Successful,[]
2944940289.0,78,48.0,SecondHalf,Jorge Sánchez,447643,972,h,61.0,33.6,BallRecovery,Successful,[]
2944940343.0,80,18.0,SecondHalf,Érik Lira,447638,972,h,39.4,80.0,BallRecovery,Successful,[]
2944940355.0,80,23.0,SecondHalf,Lee Han-Beom,531031,1159,a,47.6,17.2,Tackle,Unsuccessful,"[{""type"": ""Zone"", ""value"": ""Back""}, {""type"": ""StandingSave""}, {""type"": ""OppositeRelatedEvent"", ""value"": ""669""}, {""type"": ""Defensive""}]"
2944940357.0,80,26.0,SecondHalf,Lee Kang-In,367780,1159,a,45.3,20.6,BallRecovery,Successful,[]
2944940363.0,80,29.0,SecondHalf,Israel Reyes,447634,972,h,26.4,48.1,Clearance,Successful,"[{""type"": ""Zone"", ""value"": ""Back""}, {""type"": ""PassEndX"", ""value"": ""38.3""}, {""type"": ""PassEndY"", ""value"": ""61.7""}, {""type"": ""Length"", ""value"": ""15.5""}, {""type"": ""Angle"", ""value"": ""0.64""}]"
2944940367.0,80,32.0,SecondHalf,Érik Lira,447638,972,h,35.2,66.0,BallRecovery,Successful,[]
2944940381.0,80,50.0,SecondHalf,Kim Seung-Gyu,71968,1159,a,7.7,54.2,KeeperPickup,Successful,[]
2944940429.0,82,0.0,SecondHalf,Edson Álvarez,322696,972,h,21.5,18.0,Clearance,Successful,"[{""type"": ""Zone"", ""value"": ""Back""}, {""type"": ""PassEndX"", ""value"": ""24.9""}, {""type"": ""PassEndY"", ""value"": ""0.0""}, {""type"": ""Length"", ""value"": ""14.0""}, {""type"": ""Angle"", ""value"": ""4.97""}]"
2944940449.0,82,27.0,SecondHalf,Julián Quiñones,509557,972,h,52.3,95.5,BlockedPass,Successful,"[{""type"": ""Zone"", ""value"": ""Left""}, {""type"": ""OppositeRelatedEvent"", ""value"": ""819""}, {""type"": ""Defensive""}]"
2944940453.0,82,28.0,SecondHalf,Julián Quiñones,509557,972,h,52.8,95.0,BallRecovery,Successful,[]
2944940471.0,82,55.0,SecondHalf,Eom Ji-Sung,458184,1159,a,62.9,93.6,Clearance,Successful,"[{""type"": ""Head""}, {""type"": ""Zone"", ""value"": ""Left""}, {""type"": ""PassEndX"", ""value"": ""59.5""}, {""type"": ""PassEndY"", ""value"": ""100.0""}, {""type"": ""Length"", ""value"": ""6.5""}, {""type"": ""Angle"", ""value"": ""2.15""}]"
2944940501.0,84,13.0,SecondHalf,Raúl Rangel,527319,972,h,3.0,73.2,KeeperPickup,Successful,[]
2944940519.0,84,44.0,SecondHalf,Lee Gi-Hyuk,447593,1159,a,19.7,40.6,Clearance,Successful,"[{""type"": ""Head""}, {""type"": ""Zone"", ""value"": ""Back""}, {""type"": ""PassEndX"", ""value"": ""20.5""}, {""type"": ""PassEndY"", ""value"": ""40.3""}, {""type"": ""Length"", ""value"": ""0.9""}, {""type"": ""Angle"", ""value"": ""6.04""}]"
2944940529.0,84,48.0,SecondHalf,Kim Seung-Gyu,71968,1159,a,4.1,51.5,KeeperPickup,Successful,[]
2944940535.0,85,2.0,SecondHalf,Santiago Giménez,445061,972,h,89.0,81.2,BlockedPass,Successful,"[{""type"": ""Zone"", ""value"": ""Left""}, {""type"": ""OppositeRelatedEvent"", ""value"": ""838""}, {""type"": ""Defensive""}]"
2944940551.0,85,23.0,SecondHalf,Jesús Gallardo,252248,972,h,28.5,78.5,Clearance,Successful,"[{""type"": ""Head""}, {""type"": ""Zone"", ""value"": ""Back""}, {""type"": ""PassEndX"", ""value"": ""28.4""}, {""type"": ""PassEndY"", ""value"": ""81.2""}, {""type"": ""Length"", ""value"": ""1.8""}, {""type"": ""Angle"", ""value"": ""1.63""}]"
2944940557.0,85,25.0,SecondHalf,Obed Vargas,419580,972,h,27.1,76.4,Tackle,Successful,"[{""type"": ""Zone"", ""value"": ""Back""}, {""type"": ""OppositeRelatedEvent"", ""value"": ""844""}, {""type"": ""Defensive""}]"
2944940565.0,85,30.0,SecondHalf,César Huerta,498764,972,h,23.5,74.5,BallRecovery,Successful,[]
2944940573.0,85,37.0,SecondHalf,Yang Hyun-Jun,457093,1159,a,45.7,32.8,Tackle,Successful,"[{""type"": ""Zone"", ""value"": ""Back""}, {""type"": ""StandingSave""}, {""type"": ""OppositeRelatedEvent"", ""value"": ""719""}, {""type"": ""Defensive""}]"
2944940575.0,85,40.0,SecondHalf,Kim Seung-Gyu,71968,1159,a,16.9,37.1,BallRecovery,Successful,[]
2944940619.0,86,45.0,SecondHalf,Raúl Rangel,527319,972,h,1.2,53.3,KeeperPickup,Successful,[]
2944940639.0,88,12.0,SecondHalf,Raúl Rangel,527319,972,h,2.8,49.5,KeeperPickup,Successful,[]
2944940645.0,88,26.0,SecondHalf,Kim Seung-Gyu,71968,1159,a,1.9,78.8,BallRecovery,Successful,[]
2944940689.0,89,13.0,SecondHalf,Yang Hyun-Jun,457093,1159,a,35.0,6.8,Tackle,Unsuccessful,"[{""type"": ""Zone"", ""value"": ""Back""}, {""type"": ""StandingSave""}, {""type"": ""OppositeRelatedEvent"", ""value"": ""737""}, {""type"": ""Defensive""}]"
2944940695.0,89,17.0,SecondHalf,Lee Han-Beom,531031,1159,a,34.2,6.6,Tackle,Unsuccessful,"[{""type"": ""Zone"", ""value"": ""Back""}, {""type"": ""StandingSave""}, {""type"": ""OppositeRelatedEvent"", ""value"": ""738""}, {""type"": ""Defensive""}]"
2944940705.0,89,41.0,SecondHalf,Edson Álvarez,322696,972,h,34.7,74.0,Interception,Successful,"[{""type"": ""Zone"", ""value"": ""Back""}]"
2944940709.0,89,42.0,SecondHalf,Edson Álvarez,322696,972,h,37.0,77.5,BallRecovery,Successful,[]
2944940743.0,90,19.0,SecondHalf,Lee Gi-Hyuk,447593,1159,a,12.0,7.3,BallRecovery,Successful,[]
2944940751.0,90,21.0,SecondHalf,César Huerta,498764,972,h,86.2,93.0,BlockedPass,Successful,"[{""type"": ""Zone"", ""value"": ""Left""}, {""type"": ""OppositeRelatedEvent"", ""value"": ""897""}, {""type"": ""Defensive""}]"
2944940765.0,90,38.0,SecondHalf,Kim Seung-Gyu,71968,1159,a,8.2,35.5,KeeperPickup,Successful,[]
2944940773.0,90,47.0,SecondHalf,Edson Álvarez,322696,972,h,25.4,70.5,Clearance,Successful,"[{""type"": ""Head""}, {""type"": ""Zone"", ""value"": ""Back""}, {""type"": ""PassEndX"", ""value"": ""35.3""}, {""type"": ""PassEndY"", ""value"": ""75.0""}, {""type"": ""Length"", ""value"": ""10.8""}, {""type"": ""Angle"", ""value"": ""0.29""}]"
2944940787.0,91,4.0,SecondHalf,Israel Reyes,447634,972,h,4.2,18.4,Clearance,Successful,"[{""type"": ""Zone"", ""value"": ""Back""}, {""type"": ""BlockedCross""}, {""type"": ""OppositeRelatedEvent"", ""value"": ""908""}]"
2944940817.0,92,32.0,SecondHalf,Edson Álvarez,322696,972,h,21.0,33.6,Tackle,Successful,"[{""type"": ""Zone"", ""value"": ""Back""}, {""type"": ""StandingSave""}, {""type"": ""OppositeRelatedEvent"", ""value"": ""918""}, {""type"": ""Defensive""}]"
2944940819.0,92,33.0,SecondHalf,Jorge Sánchez,447643,972,h,24.5,33.1,BallRecovery,Successful,[]
2944940829.0,92,41.0,SecondHalf,Kim Min-Jae,370912,1159,a,52.5,54.5,BallRecovery,Successful,[]
2944940841.0,93,5.0,SecondHalf,Johan Vásquez,425115,972,h,7.4,46.2,Save,Successful,"[{""type"": ""Zone"", ""value"": ""Back""}, {""type"": ""OutfielderBlock""}, {""type"": ""OppositeRelatedEvent"", ""value"": ""929""}]"
2944940859.0,93,54.0,SecondHalf,Johan Vásquez,425115,972,h,5.6,75.0,Clearance,Successful,"[{""type"": ""Zone"", ""value"": ""Left""}, {""type"": ""PassEndX"", ""value"": ""57.5""}, {""type"": ""PassEndY"", ""value"": ""100.0""}, {""type"": ""Length"", ""value"": ""57.5""}, {""type"": ""Angle"", ""value"": ""0.32""}]"
2944940873.0,94,28.0,SecondHalf,Edson Álvarez,322696,972,h,25.6,56.4,Clearance,Successful,"[{""type"": ""Head""}, {""type"": ""Zone"", ""value"": ""Back""}, {""type"": ""PassEndX"", ""value"": ""38.5""}, {""type"": ""PassEndY"", ""value"": ""54.0""}, {""type"": ""Length"", ""value"": ""13.6""}, {""type"": ""Angle"", ""value"": ""6.16""}]"
2944940877.0,94,29.0,SecondHalf,Hwang In-Beom,371030,1159,a,60.2,52.7,Tackle,Unsuccessful,"[{""type"": ""Zone"", ""value"": ""Center""}, {""type"": ""StandingSave""}, {""type"": ""OppositeRelatedEvent"", ""value"": ""777""}, {""type"": ""Defensive""}]"
2944940899.0,94,41.0,SecondHalf,Edson Álvarez,322696,972,h,11.4,31.2,Clearance,Successful,"[{""type"": ""Zone"", ""value"": ""Center""}, {""type"": ""PassEndX"", ""value"": ""56.9""}, {""type"": ""PassEndY"", ""value"": ""21.3""}, {""type"": ""Length"", ""value"": ""48.2""}, {""type"": ""Angle"", ""value"": ""6.14""}]"
2944940903.0,94,54.0,SecondHalf,Israel Reyes,447634,972,h,30.2,35.0,Tackle,Unsuccessful,"[{""type"": ""Zone"", ""value"": ""Back""}, {""type"": ""OppositeRelatedEvent"", ""value"": ""947""}, {""type"": ""Defensive""}]"
2944940907.0,94,58.0,SecondHalf,Jesús Gallardo,252248,972,h,31.0,75.9,Clearance,Successful,"[{""type"": ""Zone"", ""value"": ""Back""}, {""type"": ""PassEndX"", ""value"": ""33.2""}, {""type"": ""PassEndY"", ""value"": ""100.0""}, {""type"": ""Length"", ""value"": ""17.5""}, {""type"": ""Angle"", ""value"": ""1.44""}]"
2944940917.0,95,28.0,SecondHalf,Jesús Gallardo,252248,972,h,15.7,65.9,Clearance,Successful,"[{""type"": ""Head""}, {""type"": ""Zone"", ""value"": ""Back""}, {""type"": ""PassEndX"", ""value"": ""14.3""}, {""type"": ""PassEndY"", ""value"": ""61.7""}, {""type"": ""Length"", ""value"": ""3.2""}, {""type"": ""Angle"", ""value"": ""4.24""}]"
2944940923.0,95,30.0,SecondHalf,Orbelín Pineda,228547,972,h,14.3,61.7,Clearance,Successful,"[{""type"": ""Zone"", ""value"": ""Back""}, {""type"": ""PassEndX"", ""value"": ""33.0""}, {""type"": ""PassEndY"", ""value"": ""58.1""}, {""type"": ""Length"", ""value"": ""19.8""}, {""type"": ""Angle"", ""value"": ""6.16""}]"
2944940931.0,95,40.0,SecondHalf,Raúl Rangel,527319,972,h,13.5,35.6,Punch,Successful,"[{""type"": ""PassEndX"", ""value"": ""35.4""}, {""type"": ""PassEndY"", ""value"": ""36.7""}, {""type"": ""Length"", ""value"": ""23.0""}, {""type"": ""Angle"", ""value"": ""0.03""}]"
2944940935.0,95,46.0,SecondHalf,Obed Vargas,419580,972,h,44.2,44.8,BallRecovery,Successful,[]
2944940941.0,95,49.0,SecondHalf,Lee Gi-Hyuk,447593,1159,a,20.6,59.2,Tackle,Successful,"[{""type"": ""LastMan""}, {""type"": ""Zone"", ""value"": ""Back""}, {""type"": ""OppositeRelatedEvent"", ""value"": ""790""}, {""type"": ""Defensive""}]"
