playerName,playerId,teamId,h_a,x,y,minute,second,type,period
Hwang In-Beom,371030,1159,a,50.0,50.0,0,0.0,Pass,FirstHalf
Paik Seung-Ho,362786,1159,a,34.4,49.4,0,2.0,Pass,FirstHalf
Hwang In-Beom,371030,1159,a,48.0,52.1,0,2.0,Pass,FirstHalf
Lee Kang-In,367780,1159,a,49.7,43.1,0,4.0,Pass,FirstHalf
Edson Álvarez,322696,972,h,29.0,30.0,0,5.0,Pass,FirstHalf
Roberto Alvarado,447636,972,h,38.3,22.4,0,6.0,Pass,FirstHalf
Lee Gi-Hyuk,447593,1159,a,48.1,70.4,0,9.0,Pass,FirstHalf
Seol Young-Woo,477549,1159,a,60.5,91.7,0,11.0,Pass,FirstHalf
Hwang In-Beom,371030,1159,a,58.1,78.8,0,12.0,Pass,FirstHalf
Lee Jae-Sung,142959,1159,a,57.8,76.5,0,16.0,Pass,FirstHalf
Kim Min-Jae,370912,1159,a,35.6,55.1,0,18.0,Pass,FirstHalf
Lee Han-Beom,531031,1159,a,42.8,22.3,0,21.0,Pass,FirstHalf
Kim Moon-Hwan,414214,1159,a,45.6,10.7,0,24.0,Pass,FirstHalf
Lee Han-Beom,531031,1159,a,28.4,18.1,0,26.0,Pass,FirstHalf
Kim Seung-Gyu,71968,1159,a,14.2,34.4,0,32.0,Pass,FirstHalf
Seol Young-Woo,477549,1159,a,91.0,96.0,0,39.0,Pass,FirstHalf
Lee Jae-Sung,142959,1159,a,79.4,94.5,0,41.0,OffsidePass,FirstHalf
Edson Álvarez,322696,972,h,28.1,21.6,1,10.0,Pass,FirstHalf
Johan Vásquez,425115,972,h,22.2,45.4,1,12.0,Pass,FirstHalf
Jesús Gallardo,252248,972,h,21.5,80.9,1,14.0,Pass,FirstHalf
Julián Quiñones,509557,972,h,37.7,95.4,1,19.0,Dispossessed,FirstHalf
Kim Moon-Hwan,414214,1159,a,62.3,4.6,1,19.0,Tackle,FirstHalf
Jesús Gallardo,252248,972,h,44.8,100.0,1,30.0,Pass,FirstHalf
Johan Vásquez,425115,972,h,24.7,80.6,1,36.0,Pass,FirstHalf
Edson Álvarez,322696,972,h,26.7,54.5,1,41.0,Pass,FirstHalf
Jorge Sánchez,447643,972,h,24.3,33.9,1,42.0,Pass,FirstHalf
Brian Gutiérrez,396565,972,h,28.1,12.5,1,46.0,Pass,FirstHalf
Lee Jae-Sung,142959,1159,a,73.0,86.8,1,46.0,BlockedPass,FirstHalf
Jorge Sánchez,447643,972,h,10.5,0.0,1,53.0,Pass,FirstHalf
Edson Álvarez,322696,972,h,12.9,29.5,1,57.0,Pass,FirstHalf
Raúl Rangel,527319,972,h,4.3,47.5,1,59.0,Pass,FirstHalf
Johan Vásquez,425115,972,h,12.8,88.7,2,3.0,Pass,FirstHalf
Kim Seung-Gyu,71968,1159,a,30.1,15.1,2,10.0,Pass,FirstHalf
Luis Romo,447635,972,h,31.3,63.3,2,11.0,Interception,FirstHalf
Lee Jae-Sung,142959,1159,a,68.0,50.6,2,13.0,Pass,FirstHalf
Seol Young-Woo,477549,1159,a,77.9,93.8,2,19.0,Pass,FirstHalf
Lee Gi-Hyuk,447593,1159,a,56.0,89.4,2,21.0,Pass,FirstHalf
Hwang In-Beom,371030,1159,a,59.7,69.6,2,23.0,Pass,FirstHalf
Lee Gi-Hyuk,447593,1159,a,53.8,96.6,2,26.0,Pass,FirstHalf
Roberto Alvarado,447636,972,h,23.0,8.2,2,29.0,Clearance,FirstHalf
Luis Romo,447635,972,h,36.0,30.0,2,34.0,Pass,FirstHalf
Raúl Jiménez,108186,972,h,41.8,33.4,2,35.0,Pass,FirstHalf
Julián Quiñones,509557,972,h,33.3,52.5,2,37.0,Foul,FirstHalf
Érik Lira,447638,972,h,38.7,45.0,2,54.0,Pass,FirstHalf
Edson Álvarez,322696,972,h,27.7,46.4,2,56.0,Pass,FirstHalf
Johan Vásquez,425115,972,h,27.1,69.7,2,58.0,Pass,FirstHalf
Jesús Gallardo,252248,972,h,32.8,91.4,3,0.0,Pass,FirstHalf
Kim Seung-Gyu,71968,1159,a,29.3,43.6,3,5.0,Pass,FirstHalf
Edson Álvarez,322696,972,h,30.3,60.9,3,7.0,Pass,FirstHalf
Luis Romo,447635,972,h,36.2,60.0,3,13.0,Foul,FirstHalf
Johan Vásquez,425115,972,h,39.0,59.9,4,15.0,Pass,FirstHalf
Raúl Jiménez,108186,972,h,81.7,21.5,4,18.0,BallTouch,FirstHalf
Roberto Alvarado,447636,972,h,84.8,9.2,4,22.0,Pass,FirstHalf
Jorge Sánchez,447643,972,h,71.2,10.3,4,24.0,Pass,FirstHalf
Érik Lira,447638,972,h,72.8,14.7,4,25.0,Pass,FirstHalf
Kim Min-Jae,370912,1159,a,3.7,59.3,4,50.0,Pass,FirstHalf
Lee Gi-Hyuk,447593,1159,a,13.3,88.7,4,51.0,Pass,FirstHalf
Kim Min-Jae,370912,1159,a,6.4,80.0,4,54.0,Pass,FirstHalf
Érik Lira,447638,972,h,62.3,22.7,4,55.0,Pass,FirstHalf
Lee Gi-Hyuk,447593,1159,a,28.8,82.1,4,57.0,Pass,FirstHalf
Johan Vásquez,425115,972,h,30.6,8.9,5,2.0,Pass,FirstHalf
Roberto Alvarado,447636,972,h,32.4,2.3,5,3.0,Pass,FirstHalf
Lee Han-Beom,531031,1159,a,33.0,56.3,5,7.0,Clearance,FirstHalf
Raúl Jiménez,108186,972,h,62.2,39.8,5,8.0,Pass,FirstHalf
Julián Quiñones,509557,972,h,62.4,41.3,5,14.0,TakeOn,FirstHalf
Lee Kang-In,367780,1159,a,37.6,58.7,5,14.0,Tackle,FirstHalf
Julián Quiñones,509557,972,h,60.6,33.7,5,15.0,Pass,FirstHalf
Lee Jae-Sung,142959,1159,a,41.0,68.8,5,15.0,BlockedPass,FirstHalf
Julián Quiñones,509557,972,h,59.4,34.3,5,18.0,Dispossessed,FirstHalf
Lee Jae-Sung,142959,1159,a,40.6,65.8,5,18.0,Tackle,FirstHalf
Julián Quiñones,509557,972,h,63.9,36.0,5,19.0,BallTouch,FirstHalf
Brian Gutiérrez,396565,972,h,67.1,34.0,5,21.0,Pass,FirstHalf
Julián Quiñones,509557,972,h,67.4,39.4,5,22.0,Pass,FirstHalf
Kim Min-Jae,370912,1159,a,27.1,47.9,5,23.0,Pass,FirstHalf
Hwang In-Beom,371030,1159,a,30.5,40.1,5,25.0,BallTouch,FirstHalf
Johan Vásquez,425115,972,h,56.8,79.1,5,26.0,Pass,FirstHalf
Hwang In-Beom,371030,1159,a,37.0,25.0,5,27.0,BallTouch,FirstHalf
Érik Lira,447638,972,h,58.7,61.8,5,29.0,Pass,FirstHalf
Luis Romo,447635,972,h,70.4,73.8,5,31.0,Pass,FirstHalf
Julián Quiñones,509557,972,h,73.7,79.1,5,36.0,Pass,FirstHalf
Luis Romo,447635,972,h,75.1,73.3,5,36.0,Pass,FirstHalf
Jesús Gallardo,252248,972,h,88.6,90.5,5,41.0,Pass,FirstHalf
Paik Seung-Ho,362786,1159,a,8.5,40.4,5,43.0,Clearance,FirstHalf
Kim Moon-Hwan,414214,1159,a,11.9,17.6,5,45.0,Clearance,FirstHalf
Lee Kang-In,367780,1159,a,21.1,6.8,5,48.0,Pass,FirstHalf
Kim Moon-Hwan,414214,1159,a,10.8,9.4,5,51.0,Pass,FirstHalf
Lee Kang-In,367780,1159,a,19.7,4.6,5,52.0,Pass,FirstHalf
Kim Moon-Hwan,414214,1159,a,11.8,12.5,5,53.0,Pass,FirstHalf
Edson Álvarez,322696,972,h,46.2,57.0,5,56.0,Pass,FirstHalf
Érik Lira,447638,972,h,52.3,56.6,5,59.0,Pass,FirstHalf
Luis Romo,447635,972,h,54.4,70.6,6,3.0,Pass,FirstHalf
Jesús Gallardo,252248,972,h,64.4,92.1,6,6.0,Pass,FirstHalf
Julián Quiñones,509557,972,h,64.6,83.6,6,7.0,Pass,FirstHalf
Luis Romo,447635,972,h,58.0,80.2,6,10.0,Pass,FirstHalf
Raúl Jiménez,108186,972,h,84.1,35.2,6,13.0,BallTouch,FirstHalf
Lee Gi-Hyuk,447593,1159,a,16.8,70.8,6,14.0,Clearance,FirstHalf
Roberto Alvarado,447636,972,h,74.7,39.5,6,17.0,MissedShots,FirstHalf
Kim Seung-Gyu,71968,1159,a,7.4,43.4,6,26.0,Pass,FirstHalf
Lee Han-Beom,531031,1159,a,9.7,8.6,6,32.0,Pass,FirstHalf
Johan Vásquez,425115,972,h,54.4,94.2,6,37.0,Pass,FirstHalf
Luis Romo,447635,972,h,58.3,77.8,6,39.0,Pass,FirstHalf
Érik Lira,447638,972,h,55.8,47.0,6,44.0,Pass,FirstHalf
Brian Gutiérrez,396565,972,h,61.3,41.6,6,47.0,Pass,FirstHalf
Jesús Gallardo,252248,972,h,84.4,91.4,6,53.0,Pass,FirstHalf
Julián Quiñones,509557,972,h,78.2,73.0,6,55.0,Pass,FirstHalf
Luis Romo,447635,972,h,77.8,62.4,6,56.0,Pass,FirstHalf
Brian Gutiérrez,396565,972,h,75.4,60.8,6,59.0,MissedShots,FirstHalf
Kim Seung-Gyu,71968,1159,a,12.3,31.4,7,13.0,Pass,FirstHalf
Raúl Rangel,527319,972,h,11.1,56.1,7,20.0,Pass,FirstHalf
Edson Álvarez,322696,972,h,22.6,44.6,7,23.0,Pass,FirstHalf
Luis Romo,447635,972,h,31.0,54.3,7,26.0,Pass,FirstHalf
Érik Lira,447638,972,h,45.6,46.7,7,31.0,Pass,FirstHalf
Jorge Sánchez,447643,972,h,43.7,17.7,7,34.0,Pass,FirstHalf
Roberto Alvarado,447636,972,h,47.0,5.3,7,35.0,Pass,FirstHalf
Edson Álvarez,322696,972,h,36.1,22.1,7,38.0,Pass,FirstHalf
Johan Vásquez,425115,972,h,30.4,55.8,7,44.0,Pass,FirstHalf
Raúl Rangel,527319,972,h,8.6,48.2,7,56.0,Pass,FirstHalf
Lee Gi-Hyuk,447593,1159,a,55.7,88.5,8,0.0,Pass,FirstHalf
Seol Young-Woo,477549,1159,a,67.5,88.1,8,2.0,Pass,FirstHalf
Johan Vásquez,425115,972,h,21.6,42.2,8,2.0,Pass,FirstHalf
Lee Gi-Hyuk,447593,1159,a,39.9,87.0,8,8.0,Pass,FirstHalf
Kim Min-Jae,370912,1159,a,39.0,45.7,8,12.0,Pass,FirstHalf
Kim Moon-Hwan,414214,1159,a,46.5,7.9,8,17.0,Pass,FirstHalf
Lee Han-Beom,531031,1159,a,35.0,21.4,8,19.0,Pass,FirstHalf
Kim Min-Jae,370912,1159,a,30.3,51.2,8,25.0,Pass,FirstHalf
Lee Han-Beom,531031,1159,a,38.7,30.7,8,29.0,Pass,FirstHalf
Kim Min-Jae,370912,1159,a,32.5,54.9,8,33.0,Pass,FirstHalf
Lee Han-Beom,531031,1159,a,33.2,22.6,8,36.0,Pass,FirstHalf
Lee Kang-In,367780,1159,a,39.9,11.8,8,41.0,Pass,FirstHalf
Lee Han-Beom,531031,1159,a,32.2,28.9,8,45.0,Pass,FirstHalf
Lee Kang-In,367780,1159,a,36.6,25.9,8,47.0,Pass,FirstHalf
Raúl Rangel,527319,972,h,4.7,50.1,9,16.0,Pass,FirstHalf
Raúl Jiménez,108186,972,h,64.7,50.5,9,18.0,Pass,FirstHalf
Julián Quiñones,509557,972,h,67.6,44.0,9,22.0,Pass,FirstHalf
Brian Gutiérrez,396565,972,h,71.0,27.9,9,24.0,Pass,FirstHalf
Roberto Alvarado,447636,972,h,86.4,8.0,9,27.0,Pass,FirstHalf
Lee Gi-Hyuk,447593,1159,a,12.8,87.1,9,29.0,BallTouch,FirstHalf
Lee Jae-Sung,142959,1159,a,20.8,69.7,9,30.0,Pass,FirstHalf
Paik Seung-Ho,362786,1159,a,14.5,69.0,9,31.0,Pass,FirstHalf
Lee Jae-Sung,142959,1159,a,23.3,78.5,9,32.0,Pass,FirstHalf
Lee Gi-Hyuk,447593,1159,a,13.7,85.4,9,33.0,Pass,FirstHalf
Lee Jae-Sung,142959,1159,a,25.0,81.6,9,34.0,Pass,FirstHalf
Paik Seung-Ho,362786,1159,a,23.3,74.9,9,36.0,Pass,FirstHalf
Lee Gi-Hyuk,447593,1159,a,11.1,73.8,9,37.0,Pass,FirstHalf
Kim Seung-Gyu,71968,1159,a,8.9,47.2,9,40.0,Pass,FirstHalf
Lee Han-Beom,531031,1159,a,26.1,9.7,9,45.0,Pass,FirstHalf
Raúl Rangel,527319,972,h,11.8,57.9,9,52.0,Pass,FirstHalf
Edson Álvarez,322696,972,h,32.3,37.7,9,58.0,Pass,FirstHalf
Érik Lira,447638,972,h,40.6,45.7,10,1.0,Pass,FirstHalf
Luis Romo,447635,972,h,46.6,79.7,10,4.0,Pass,FirstHalf
Érik Lira,447638,972,h,53.6,58.1,10,8.0,Pass,FirstHalf
Edson Álvarez,322696,972,h,45.3,31.9,10,10.0,Pass,FirstHalf
Kim Seung-Gyu,71968,1159,a,15.2,45.2,10,30.0,Pass,FirstHalf
Kim Min-Jae,370912,1159,a,25.6,81.8,10,32.0,Pass,FirstHalf
Paik Seung-Ho,362786,1159,a,32.8,69.3,10,33.0,Pass,FirstHalf
Kim Min-Jae,370912,1159,a,22.6,93.6,10,36.0,Pass,FirstHalf
Lee Gi-Hyuk,447593,1159,a,27.8,96.8,10,39.0,Dispossessed,FirstHalf
Brian Gutiérrez,396565,972,h,72.2,3.2,10,39.0,Tackle,FirstHalf
Seol Young-Woo,477549,1159,a,27.7,100.0,10,55.0,Pass,FirstHalf
Lee Jae-Sung,142959,1159,a,38.7,91.7,10,57.0,Pass,FirstHalf
Seol Young-Woo,477549,1159,a,33.2,94.8,10,59.0,Pass,FirstHalf
Lee Jae-Sung,142959,1159,a,40.3,96.2,10,59.0,TakeOn,FirstHalf
Luis Romo,447635,972,h,59.7,3.8,10,59.0,Tackle,FirstHalf
Lee Jae-Sung,142959,1159,a,40.3,97.5,11,1.0,Pass,FirstHalf
Luis Romo,447635,972,h,59.9,3.7,11,2.0,BallTouch,FirstHalf
Jorge Sánchez,447643,972,h,57.6,5.9,11,3.0,Pass,FirstHalf
Edson Álvarez,322696,972,h,42.5,14.7,11,5.0,Pass,FirstHalf
Johan Vásquez,425115,972,h,38.2,47.5,11,9.0,Pass,FirstHalf
Jesús Gallardo,252248,972,h,36.9,72.4,11,12.0,Pass,FirstHalf
Julián Quiñones,509557,972,h,43.2,55.6,11,18.0,Foul,FirstHalf
Edson Álvarez,322696,972,h,44.9,47.9,11,34.0,Pass,FirstHalf
Johan Vásquez,425115,972,h,38.2,60.8,11,37.0,Pass,FirstHalf
Edson Álvarez,322696,972,h,33.8,26.8,11,42.0,Pass,FirstHalf
Jorge Sánchez,447643,972,h,31.4,8.6,11,45.0,Pass,FirstHalf
Edson Álvarez,322696,972,h,30.4,26.2,11,46.0,Pass,FirstHalf
Raúl Rangel,527319,972,h,8.7,46.4,11,50.0,Pass,FirstHalf
Jesús Gallardo,252248,972,h,20.3,94.2,11,54.0,Pass,FirstHalf
Kim Min-Jae,370912,1159,a,32.5,35.6,11,57.0,Pass,FirstHalf
Kim Seung-Gyu,71968,1159,a,13.9,52.5,12,4.0,Pass,FirstHalf
Lee Gi-Hyuk,447593,1159,a,33.6,85.8,12,10.0,Pass,FirstHalf
Kim Min-Jae,370912,1159,a,25.2,62.4,12,14.0,Pass,FirstHalf
Hwang In-Beom,371030,1159,a,34.0,36.4,12,18.0,Pass,FirstHalf
Lee Han-Beom,531031,1159,a,30.1,26.3,12,19.0,Pass,FirstHalf
Kim Min-Jae,370912,1159,a,31.3,58.4,12,26.0,Pass,FirstHalf
Lee Gi-Hyuk,447593,1159,a,32.3,78.1,12,28.0,Pass,FirstHalf
Lee Jae-Sung,142959,1159,a,44.5,92.0,12,30.0,Pass,FirstHalf
Érik Lira,447638,972,h,43.0,10.2,12,33.0,Dispossessed,FirstHalf
Lee Jae-Sung,142959,1159,a,57.0,89.8,12,33.0,Tackle,FirstHalf
Seol Young-Woo,477549,1159,a,65.8,91.5,12,35.0,Pass,FirstHalf
Lee Jae-Sung,142959,1159,a,67.0,81.5,12,37.0,Dispossessed,FirstHalf
Roberto Alvarado,447636,972,h,33.0,18.5,12,37.0,Tackle,FirstHalf
Brian Gutiérrez,396565,972,h,36.1,28.3,12,39.0,Pass,FirstHalf
Julián Quiñones,509557,972,h,43.6,63.4,12,41.0,Pass,FirstHalf
Jesús Gallardo,252248,972,h,39.0,78.5,12,44.0,Pass,FirstHalf
Julián Quiñones,509557,972,h,42.6,64.3,12,50.0,Pass,FirstHalf
Edson Álvarez,322696,972,h,41.0,33.1,12,57.0,Pass,FirstHalf
Érik Lira,447638,972,h,54.1,32.7,12,58.0,Pass,FirstHalf
Edson Álvarez,322696,972,h,39.4,27.3,13,1.0,Pass,FirstHalf
Johan Vásquez,425115,972,h,33.9,44.8,13,3.0,Pass,FirstHalf
Jesús Gallardo,252248,972,h,38.8,85.3,13,6.0,Pass,FirstHalf
Luis Romo,447635,972,h,38.7,73.5,13,8.0,Pass,FirstHalf
Lee Han-Beom,531031,1159,a,37.6,3.8,13,12.0,Pass,FirstHalf
Luis Romo,447635,972,h,52.0,81.2,13,14.0,Pass,FirstHalf
Jesús Gallardo,252248,972,h,52.0,85.4,13,19.0,Pass,FirstHalf
Érik Lira,447638,972,h,45.9,65.8,13,23.0,Pass,FirstHalf
Edson Álvarez,322696,972,h,42.3,47.2,13,26.0,Pass,FirstHalf
Johan Vásquez,425115,972,h,42.1,67.2,13,34.0,Pass,FirstHalf
Edson Álvarez,322696,972,h,32.7,46.3,13,36.0,Pass,FirstHalf
Roberto Alvarado,447636,972,h,42.0,31.9,13,40.0,Pass,FirstHalf
Edson Álvarez,322696,972,h,35.7,45.8,13,42.0,Pass,FirstHalf
Brian Gutiérrez,396565,972,h,43.1,58.8,13,45.0,Pass,FirstHalf
Johan Vásquez,425115,972,h,34.9,62.1,13,47.0,Pass,FirstHalf
Luis Romo,447635,972,h,42.1,90.8,13,50.0,Pass,FirstHalf
Johan Vásquez,425115,972,h,33.2,66.7,13,54.0,Pass,FirstHalf
Edson Álvarez,322696,972,h,31.2,39.7,13,57.0,Pass,FirstHalf
Jorge Sánchez,447643,972,h,35.0,15.2,13,59.0,Pass,FirstHalf
Edson Álvarez,322696,972,h,29.4,44.2,14,2.0,Pass,FirstHalf
Johan Vásquez,425115,972,h,26.4,60.3,14,3.0,Pass,FirstHalf
Luis Romo,447635,972,h,32.0,82.8,14,7.0,Pass,FirstHalf
Paik Seung-Ho,362786,1159,a,45.7,46.6,14,10.0,Pass,FirstHalf
Érik Lira,447638,972,h,40.3,61.7,14,11.0,Pass,FirstHalf
Raúl Jiménez,108186,972,h,48.6,54.6,14,12.0,Pass,FirstHalf
Luis Romo,447635,972,h,42.6,68.1,14,14.0,Pass,FirstHalf
Jesús Gallardo,252248,972,h,67.1,84.1,14,18.0,Pass,FirstHalf
Kim Min-Jae,370912,1159,a,31.6,32.6,14,21.0,Clearance,FirstHalf
Johan Vásquez,425115,972,h,43.3,70.9,14,26.0,Pass,FirstHalf
Edson Álvarez,322696,972,h,43.0,44.8,14,32.0,Pass,FirstHalf
Johan Vásquez,425115,972,h,52.3,64.8,14,40.0,Pass,FirstHalf
Edson Álvarez,322696,972,h,46.5,39.4,14,44.0,Pass,FirstHalf
Raúl Jiménez,108186,972,h,61.5,42.0,14,46.0,Dispossessed,FirstHalf
Kim Min-Jae,370912,1159,a,38.5,58.0,14,46.0,Tackle,FirstHalf
Paik Seung-Ho,362786,1159,a,39.7,66.5,14,49.0,Pass,FirstHalf
Lee Jae-Sung,142959,1159,a,43.0,73.0,14,51.0,Foul,FirstHalf
Paik Seung-Ho,362786,1159,a,42.8,77.3,15,4.0,Pass,FirstHalf
Kim Min-Jae,370912,1159,a,36.8,39.3,15,7.0,Pass,FirstHalf
Lee Kang-In,367780,1159,a,58.0,10.5,15,9.0,OffsidePass,FirstHalf
Edson Álvarez,322696,972,h,25.4,40.7,15,54.0,Pass,FirstHalf
Luis Romo,447635,972,h,28.5,51.2,15,56.0,Pass,FirstHalf
Julián Quiñones,509557,972,h,39.4,74.7,15,59.0,BallTouch,FirstHalf
Kim Moon-Hwan,414214,1159,a,72.5,34.9,16,2.0,Pass,FirstHalf
Lee Kang-In,367780,1159,a,77.6,17.2,16,7.0,BallTouch,FirstHalf
Julián Quiñones,509557,972,h,25.5,70.6,16,9.0,Pass,FirstHalf
Érik Lira,447638,972,h,26.7,62.1,16,10.0,Pass,FirstHalf
Jesús Gallardo,252248,972,h,48.7,89.5,16,18.0,Pass,FirstHalf
Raúl Jiménez,108186,972,h,52.7,95.4,16,19.0,Pass,FirstHalf
Luis Romo,447635,972,h,40.0,84.2,16,22.0,Pass,FirstHalf
Edson Álvarez,322696,972,h,38.0,42.7,16,26.0,Pass,FirstHalf
Roberto Alvarado,447636,972,h,56.4,5.6,16,32.0,Pass,FirstHalf
Érik Lira,447638,972,h,54.4,11.1,16,35.0,OffsidePass,FirstHalf
Kim Seung-Gyu,71968,1159,a,21.5,79.1,17,1.0,Pass,FirstHalf
Son Heung-Min,91909,1159,a,77.9,86.9,17,7.0,BallTouch,FirstHalf
Lee Jae-Sung,142959,1159,a,67.7,95.9,17,8.0,Pass,FirstHalf
Paik Seung-Ho,362786,1159,a,67.3,87.9,17,10.0,TakeOn,FirstHalf
Érik Lira,447638,972,h,32.7,12.1,17,10.0,Tackle,FirstHalf
Paik Seung-Ho,362786,1159,a,65.0,94.8,17,12.0,Pass,FirstHalf
Son Heung-Min,91909,1159,a,71.1,95.4,17,14.0,Pass,FirstHalf
Luis Romo,447635,972,h,26.1,26.8,17,17.0,Pass,FirstHalf
Érik Lira,447638,972,h,30.6,31.0,17,22.0,Pass,FirstHalf
Luis Romo,447635,972,h,34.0,42.7,17,24.0,Pass,FirstHalf
Edson Álvarez,322696,972,h,25.1,33.3,17,26.0,Pass,FirstHalf
Johan Vásquez,425115,972,h,31.0,73.3,17,30.0,Pass,FirstHalf
Julián Quiñones,509557,972,h,36.2,79.6,17,33.0,Foul,FirstHalf
Luis Romo,447635,972,h,40.7,64.2,17,46.0,Pass,FirstHalf
Johan Vásquez,425115,972,h,34.0,63.7,17,47.0,Pass,FirstHalf
Edson Álvarez,322696,972,h,33.3,36.9,17,53.0,Pass,FirstHalf
Jorge Sánchez,447643,972,h,32.2,18.2,17,55.0,Pass,FirstHalf
Edson Álvarez,322696,972,h,29.9,44.2,17,57.0,Pass,FirstHalf
Johan Vásquez,425115,972,h,23.2,64.5,17,59.0,Pass,FirstHalf
Raúl Rangel,527319,972,h,3.0,40.1,18,2.0,Pass,FirstHalf
Lee Gi-Hyuk,447593,1159,a,44.3,68.2,18,9.0,Pass,FirstHalf
Roberto Alvarado,447636,972,h,58.2,13.0,18,9.0,Dispossessed,FirstHalf
Lee Jae-Sung,142959,1159,a,41.8,87.0,18,9.0,Tackle,FirstHalf
Seol Young-Woo,477549,1159,a,33.5,86.4,18,12.0,Pass,FirstHalf
Paik Seung-Ho,362786,1159,a,39.0,75.0,18,14.0,Pass,FirstHalf
Seol Young-Woo,477549,1159,a,32.9,95.3,18,16.0,Pass,FirstHalf
Paik Seung-Ho,362786,1159,a,38.0,82.2,18,18.0,Pass,FirstHalf
Seol Young-Woo,477549,1159,a,32.6,93.2,18,19.0,Pass,FirstHalf
Lee Gi-Hyuk,447593,1159,a,27.0,94.4,18,21.0,Pass,FirstHalf
Edson Álvarez,322696,972,h,43.3,6.7,18,22.0,Pass,FirstHalf
Hwang In-Beom,371030,1159,a,40.5,65.1,18,24.0,Pass,FirstHalf
Lee Kang-In,367780,1159,a,63.3,69.6,18,28.0,Pass,FirstHalf
Lee Jae-Sung,142959,1159,a,53.4,72.3,18,30.0,Pass,FirstHalf
Lee Han-Beom,531031,1159,a,30.9,25.6,18,32.0,Pass,FirstHalf
Kim Moon-Hwan,414214,1159,a,34.3,13.0,18,33.0,Pass,FirstHalf
Kim Min-Jae,370912,1159,a,6.2,5.2,18,40.0,Pass,FirstHalf
Luis Romo,447635,972,h,62.7,78.4,18,43.0,BallTouch,FirstHalf
Paik Seung-Ho,362786,1159,a,33.7,32.2,18,44.0,Pass,FirstHalf
Lee Jae-Sung,142959,1159,a,42.3,13.6,18,46.0,Pass,FirstHalf
Hwang In-Beom,371030,1159,a,38.2,20.9,18,47.0,Pass,FirstHalf
Kim Moon-Hwan,414214,1159,a,39.5,5.6,18,50.0,Pass,FirstHalf
Hwang In-Beom,371030,1159,a,40.4,12.7,18,51.0,Pass,FirstHalf
Lee Jae-Sung,142959,1159,a,43.2,9.3,18,53.0,Dispossessed,FirstHalf
Érik Lira,447638,972,h,56.8,90.7,18,53.0,Tackle,FirstHalf
Lee Jae-Sung,142959,1159,a,45.8,8.3,18,55.0,BallTouch,FirstHalf
Érik Lira,447638,972,h,58.2,86.8,18,55.0,Pass,FirstHalf
Johan Vásquez,425115,972,h,45.1,80.6,18,57.0,Pass,FirstHalf
Érik Lira,447638,972,h,49.7,62.2,19,2.0,Pass,FirstHalf
Edson Álvarez,322696,972,h,46.3,34.8,19,7.0,Pass,FirstHalf
Jorge Sánchez,447643,972,h,61.2,12.9,19,8.0,Pass,FirstHalf
Roberto Alvarado,447636,972,h,69.9,8.5,19,13.0,TakeOn,FirstHalf
Roberto Alvarado,447636,972,h,76.0,12.8,19,14.0,Pass,FirstHalf
Julián Quiñones,509557,972,h,90.0,47.9,19,16.0,SavedShot,FirstHalf
Kim Seung-Gyu,71968,1159,a,1.1,50.0,19,16.0,Save,FirstHalf
Kim Seung-Gyu,71968,1159,a,8.9,50.7,19,28.0,Pass,FirstHalf
Lee Han-Beom,531031,1159,a,14.0,24.7,19,31.0,Pass,FirstHalf
Kim Moon-Hwan,414214,1159,a,23.0,9.2,19,33.0,Pass,FirstHalf
Lee Han-Beom,531031,1159,a,12.6,4.7,19,34.0,Pass,FirstHalf
Edson Álvarez,322696,972,h,45.7,50.7,19,41.0,Pass,FirstHalf
Johan Vásquez,425115,972,h,43.2,69.7,19,44.0,Pass,FirstHalf
Edson Álvarez,322696,972,h,43.0,44.8,19,46.0,Pass,FirstHalf
Jorge Sánchez,447643,972,h,58.3,11.0,19,51.0,Pass,FirstHalf
Edson Álvarez,322696,972,h,45.1,29.5,19,57.0,Pass,FirstHalf
Johan Vásquez,425115,972,h,37.2,53.7,19,59.0,Pass,FirstHalf
Jesús Gallardo,252248,972,h,37.5,80.8,20,3.0,Pass,FirstHalf
Johan Vásquez,425115,972,h,12.8,61.1,20,9.0,Pass,FirstHalf
Edson Álvarez,322696,972,h,27.0,29.2,20,15.0,Pass,FirstHalf
Érik Lira,447638,972,h,39.1,28.2,20,16.0,Pass,FirstHalf
Jorge Sánchez,447643,972,h,44.2,8.6,20,18.0,BallTouch,FirstHalf
Seol Young-Woo,477549,1159,a,48.0,100.0,20,50.0,Pass,FirstHalf
Lee Jae-Sung,142959,1159,a,42.5,82.4,20,52.0,Pass,FirstHalf
Raúl Jiménez,108186,972,h,57.1,14.7,20,53.0,BallTouch,FirstHalf
Seol Young-Woo,477549,1159,a,57.3,96.0,20,54.0,Pass,FirstHalf
Jorge Sánchez,447643,972,h,26.3,0.0,21,4.0,Pass,FirstHalf
Edson Álvarez,322696,972,h,28.1,48.7,21,13.0,Pass,FirstHalf
Johan Vásquez,425115,972,h,23.2,72.7,21,17.0,Pass,FirstHalf
Raúl Rangel,527319,972,h,10.2,44.6,21,24.0,Pass,FirstHalf
Edson Álvarez,322696,972,h,12.9,24.6,21,28.0,Pass,FirstHalf
Kim Seung-Gyu,71968,1159,a,13.7,49.6,21,34.0,Pass,FirstHalf
Lee Han-Beom,531031,1159,a,24.0,30.4,21,39.0,Pass,FirstHalf
Kim Seung-Gyu,71968,1159,a,10.0,58.4,21,48.0,Pass,FirstHalf
Jorge Sánchez,447643,972,h,40.5,23.6,21,50.0,Pass,FirstHalf
Luis Romo,447635,972,h,53.5,33.0,21,52.0,Pass,FirstHalf
Érik Lira,447638,972,h,46.2,35.5,21,54.0,TakeOn,FirstHalf
Érik Lira,447638,972,h,54.7,65.8,21,58.0,Pass,FirstHalf
Johan Vásquez,425115,972,h,36.9,60.9,22,0.0,Pass,FirstHalf
Edson Álvarez,322696,972,h,35.0,32.4,22,4.0,Pass,FirstHalf
Jorge Sánchez,447643,972,h,39.1,5.7,22,8.0,TakeOn,FirstHalf
Jorge Sánchez,447643,972,h,55.4,7.4,22,10.0,Pass,FirstHalf
Luis Romo,447635,972,h,51.4,23.6,22,12.0,Pass,FirstHalf
Julián Quiñones,509557,972,h,62.8,63.6,22,18.0,Pass,FirstHalf
Luis Romo,447635,972,h,65.4,48.8,22,19.0,Pass,FirstHalf
Brian Gutiérrez,396565,972,h,74.3,51.2,22,20.0,Pass,FirstHalf
Jorge Sánchez,447643,972,h,75.7,31.2,22,23.0,Pass,FirstHalf
Kim Seung-Gyu,71968,1159,a,4.8,60.0,25,37.0,Pass,FirstHalf
Edson Álvarez,322696,972,h,34.2,12.6,25,43.0,Interception,FirstHalf
Seol Young-Woo,477549,1159,a,74.8,100.0,25,46.0,Pass,FirstHalf
Son Heung-Min,91909,1159,a,92.5,96.3,25,48.0,Pass,FirstHalf
Seol Young-Woo,477549,1159,a,80.5,95.6,25,52.0,Pass,FirstHalf
Roberto Alvarado,447636,972,h,18.7,6.1,25,52.0,Clearance,FirstHalf
Seol Young-Woo,477549,1159,a,60.2,100.0,26,6.0,Pass,FirstHalf
Lee Jae-Sung,142959,1159,a,67.0,86.1,26,9.0,Pass,FirstHalf
Érik Lira,447638,972,h,28.1,13.5,26,9.0,Pass,FirstHalf
Roberto Alvarado,447636,972,h,32.7,9.5,26,11.0,Pass,FirstHalf
Kim Min-Jae,370912,1159,a,46.1,77.6,26,14.0,Pass,FirstHalf
Érik Lira,447638,972,h,36.5,24.4,26,14.0,Pass,FirstHalf
Lee Han-Beom,531031,1159,a,50.8,49.7,26,17.0,Pass,FirstHalf
Érik Lira,447638,972,h,36.8,51.9,26,17.0,Pass,FirstHalf
Jesús Gallardo,252248,972,h,34.9,83.2,26,21.0,Pass,FirstHalf
Johan Vásquez,425115,972,h,21.7,70.3,26,24.0,Pass,FirstHalf
Érik Lira,447638,972,h,29.3,64.2,26,26.0,Pass,FirstHalf
Edson Álvarez,322696,972,h,38.6,30.7,26,32.0,Pass,FirstHalf
Jorge Sánchez,447643,972,h,47.1,7.0,26,34.0,Pass,FirstHalf
Edson Álvarez,322696,972,h,41.1,11.7,26,36.0,Pass,FirstHalf
Roberto Alvarado,447636,972,h,54.3,4.7,26,37.0,Pass,FirstHalf
Seol Young-Woo,477549,1159,a,43.7,96.0,26,37.0,BlockedPass,FirstHalf
Seol Young-Woo,477549,1159,a,47.0,96.5,26,40.0,Pass,FirstHalf
Son Heung-Min,91909,1159,a,47.4,78.6,26,42.0,Pass,FirstHalf
Hwang In-Beom,371030,1159,a,47.1,66.8,26,43.0,Pass,FirstHalf
Lee Gi-Hyuk,447593,1159,a,42.3,65.1,26,51.0,Pass,FirstHalf
Jesús Gallardo,252248,972,h,22.9,70.0,26,53.0,Pass,FirstHalf
Raúl Rangel,527319,972,h,9.5,50.0,26,58.0,Pass,FirstHalf
Luis Romo,447635,972,h,36.0,64.3,27,2.0,Pass,FirstHalf
Julián Quiñones,509557,972,h,53.5,86.0,27,4.0,TakeOn,FirstHalf
Lee Han-Beom,531031,1159,a,44.4,7.6,27,8.0,Pass,FirstHalf
Kim Moon-Hwan,414214,1159,a,42.9,23.0,27,10.0,Pass,FirstHalf
Hwang In-Beom,371030,1159,a,42.2,28.4,27,12.0,Pass,FirstHalf
Paik Seung-Ho,362786,1159,a,49.2,28.2,27,13.0,TakeOn,FirstHalf
Luis Romo,447635,972,h,50.8,71.8,27,13.0,Tackle,FirstHalf
Paik Seung-Ho,362786,1159,a,46.0,31.5,27,14.0,BallTouch,FirstHalf
Raúl Rangel,527319,972,h,24.0,65.2,27,18.0,Pass,FirstHalf
Johan Vásquez,425115,972,h,36.1,76.4,27,24.0,Pass,FirstHalf
Jesús Gallardo,252248,972,h,34.4,87.1,27,27.0,Pass,FirstHalf
Raúl Rangel,527319,972,h,12.1,60.5,27,31.0,Pass,FirstHalf
Kim Moon-Hwan,414214,1159,a,52.6,0.0,27,54.0,Pass,FirstHalf
Paik Seung-Ho,362786,1159,a,47.4,12.1,27,56.0,Pass,FirstHalf
Raúl Rangel,527319,972,h,4.1,69.3,28,1.0,Pass,FirstHalf
Edson Álvarez,322696,972,h,27.9,42.1,28,10.0,Pass,FirstHalf
Roberto Alvarado,447636,972,h,30.5,8.9,28,13.0,Pass,FirstHalf
Edson Álvarez,322696,972,h,17.8,23.1,28,16.0,Pass,FirstHalf
Luis Romo,447635,972,h,22.8,32.2,28,18.0,Pass,FirstHalf
Roberto Alvarado,447636,972,h,26.0,4.4,28,19.0,Pass,FirstHalf
Érik Lira,447638,972,h,35.9,13.8,28,21.0,Pass,FirstHalf
Roberto Alvarado,447636,972,h,26.1,11.1,28,23.0,Pass,FirstHalf
Kim Min-Jae,370912,1159,a,41.8,62.7,28,26.0,Pass,FirstHalf
Son Heung-Min,91909,1159,a,75.7,52.8,28,28.0,Pass,FirstHalf
Lee Kang-In,367780,1159,a,64.9,45.4,28,31.0,Pass,FirstHalf
Hwang In-Beom,371030,1159,a,63.2,46.7,28,32.0,Pass,FirstHalf
Lee Kang-In,367780,1159,a,67.7,48.5,28,34.0,OffsidePass,FirstHalf
Edson Álvarez,322696,972,h,23.6,34.0,29,6.0,Pass,FirstHalf
Roberto Alvarado,447636,972,h,39.8,33.0,29,12.0,Dispossessed,FirstHalf
Lee Gi-Hyuk,447593,1159,a,60.2,67.0,29,12.0,Tackle,FirstHalf
Lee Jae-Sung,142959,1159,a,56.3,53.8,29,13.0,Pass,FirstHalf
Luis Romo,447635,972,h,44.3,46.6,29,13.0,BlockedPass,FirstHalf
Lee Jae-Sung,142959,1159,a,55.0,54.4,29,14.0,BallTouch,FirstHalf
Luis Romo,447635,972,h,45.0,45.6,29,15.0,BallTouch,FirstHalf
Érik Lira,447638,972,h,43.4,47.0,29,16.0,Pass,FirstHalf
Brian Gutiérrez,396565,972,h,44.4,61.3,29,20.0,Pass,FirstHalf
Johan Vásquez,425115,972,h,29.8,65.8,29,24.0,Pass,FirstHalf
Edson Álvarez,322696,972,h,31.3,21.3,29,31.0,Pass,FirstHalf
Lee Gi-Hyuk,447593,1159,a,24.0,72.3,29,34.0,Pass,FirstHalf
Raúl Jiménez,108186,972,h,67.3,11.4,29,35.0,Pass,FirstHalf
Roberto Alvarado,447636,972,h,61.4,21.3,29,39.0,Pass,FirstHalf
Julián Quiñones,509557,972,h,68.7,55.5,29,41.0,Pass,FirstHalf
Luis Romo,447635,972,h,65.8,48.1,29,42.0,Pass,FirstHalf
Jesús Gallardo,252248,972,h,75.9,88.1,29,46.0,Pass,FirstHalf
Raúl Jiménez,108186,972,h,89.0,5.6,29,52.0,Pass,FirstHalf
Érik Lira,447638,972,h,71.6,6.7,29,56.0,Pass,FirstHalf
Roberto Alvarado,447636,972,h,62.6,16.2,29,59.0,Pass,FirstHalf
Brian Gutiérrez,396565,972,h,55.4,41.9,30,1.0,Pass,FirstHalf
Johan Vásquez,425115,972,h,40.9,49.3,30,4.0,Pass,FirstHalf
Edson Álvarez,322696,972,h,37.1,32.8,30,6.0,Pass,FirstHalf
Jorge Sánchez,447643,972,h,39.3,13.2,30,9.0,Pass,FirstHalf
Edson Álvarez,322696,972,h,26.8,30.9,30,11.0,Pass,FirstHalf
Johan Vásquez,425115,972,h,23.2,59.7,30,15.0,Pass,FirstHalf
Raúl Rangel,527319,972,h,3.3,44.4,30,16.0,OffsidePass,FirstHalf
Lee Gi-Hyuk,447593,1159,a,46.1,90.8,30,36.0,Pass,FirstHalf
Hwang In-Beom,371030,1159,a,34.7,69.5,30,40.0,Pass,FirstHalf
Kim Min-Jae,370912,1159,a,47.6,34.6,30,48.0,Pass,FirstHalf
Hwang In-Beom,371030,1159,a,55.8,61.8,30,55.0,Pass,FirstHalf
Kim Min-Jae,370912,1159,a,47.5,49.1,30,57.0,Pass,FirstHalf
Lee Gi-Hyuk,447593,1159,a,43.3,72.6,30,59.0,Pass,FirstHalf
Hwang In-Beom,371030,1159,a,44.9,74.2,31,2.0,OffsidePass,FirstHalf
Edson Álvarez,322696,972,h,31.2,33.3,31,37.0,Pass,FirstHalf
Érik Lira,447638,972,h,36.2,30.1,31,38.0,Pass,FirstHalf
Edson Álvarez,322696,972,h,33.4,24.9,31,47.0,Pass,FirstHalf
Érik Lira,447638,972,h,40.3,18.8,31,50.0,Pass,FirstHalf
Paik Seung-Ho,362786,1159,a,56.6,90.5,31,50.0,BallTouch,FirstHalf
Roberto Alvarado,447636,972,h,51.5,9.7,31,53.0,Pass,FirstHalf
Luis Romo,447635,972,h,46.8,26.5,31,54.0,Pass,FirstHalf
Kim Seung-Gyu,71968,1159,a,17.9,36.4,32,18.0,Pass,FirstHalf
Raúl Rangel,527319,972,h,12.1,30.3,32,25.0,Pass,FirstHalf
Edson Álvarez,322696,972,h,23.2,41.0,32,26.0,Pass,FirstHalf
Johan Vásquez,425115,972,h,29.6,62.1,32,29.0,Pass,FirstHalf
Jesús Gallardo,252248,972,h,29.4,88.6,32,31.0,Pass,FirstHalf
Lee Han-Beom,531031,1159,a,31.3,10.1,32,34.0,Clearance,FirstHalf
Kim Min-Jae,370912,1159,a,31.9,25.6,32,37.0,Clearance,FirstHalf
Luis Romo,447635,972,h,57.8,65.4,32,37.0,Pass,FirstHalf
Paik Seung-Ho,362786,1159,a,36.3,46.9,32,40.0,Interception,FirstHalf
Edson Álvarez,322696,972,h,45.1,42.7,32,43.0,Pass,FirstHalf
Roberto Alvarado,447636,972,h,60.7,12.9,32,48.0,Pass,FirstHalf
Lee Gi-Hyuk,447593,1159,a,25.1,73.1,32,49.0,Pass,FirstHalf
Lee Jae-Sung,142959,1159,a,30.9,78.6,32,54.0,Pass,FirstHalf
Paik Seung-Ho,362786,1159,a,25.3,84.5,32,56.0,Pass,FirstHalf
Lee Gi-Hyuk,447593,1159,a,32.6,95.8,33,6.0,Dispossessed,FirstHalf
Luis Romo,447635,972,h,67.4,4.2,33,6.0,Tackle,FirstHalf
Seol Young-Woo,477549,1159,a,27.0,100.0,33,26.0,Pass,FirstHalf
Paik Seung-Ho,362786,1159,a,34.4,91.4,33,27.0,Pass,FirstHalf
Seol Young-Woo,477549,1159,a,28.5,97.2,33,30.0,Pass,FirstHalf
Johan Vásquez,425115,972,h,39.0,17.0,33,34.0,Pass,FirstHalf
Érik Lira,447638,972,h,43.6,30.1,33,37.0,Pass,FirstHalf
Jesús Gallardo,252248,972,h,43.1,68.1,33,42.0,Pass,FirstHalf
Johan Vásquez,425115,972,h,34.3,54.8,33,45.0,Pass,FirstHalf
Edson Álvarez,322696,972,h,36.6,32.2,33,50.0,Pass,FirstHalf
Luis Romo,447635,972,h,41.5,41.6,33,51.0,Pass,FirstHalf
Edson Álvarez,322696,972,h,29.6,12.8,33,56.0,Pass,FirstHalf
Raúl Jiménez,108186,972,h,57.6,20.0,33,57.0,Pass,FirstHalf
Roberto Alvarado,447636,972,h,48.0,11.9,33,58.0,Pass,FirstHalf
Luis Romo,447635,972,h,39.1,44.5,34,2.0,Pass,FirstHalf
Jesús Gallardo,252248,972,h,53.9,93.5,34,4.0,Pass,FirstHalf
Julián Quiñones,509557,972,h,53.4,86.5,34,6.0,Pass,FirstHalf
Luis Romo,447635,972,h,45.0,69.4,34,10.0,Pass,FirstHalf
Johan Vásquez,425115,972,h,35.0,69.1,34,11.0,Pass,FirstHalf
Edson Álvarez,322696,972,h,33.2,39.1,34,14.0,Pass,FirstHalf
Kim Seung-Gyu,71968,1159,a,9.2,31.6,34,25.0,Pass,FirstHalf
Kim Min-Jae,370912,1159,a,15.7,54.5,34,32.0,Pass,FirstHalf
Kim Seung-Gyu,71968,1159,a,12.9,39.4,34,35.0,Pass,FirstHalf
Roberto Alvarado,447636,972,h,21.2,28.2,34,40.0,Pass,FirstHalf
Edson Álvarez,322696,972,h,28.6,42.2,34,43.0,Pass,FirstHalf
Johan Vásquez,425115,972,h,35.8,66.4,34,50.0,Pass,FirstHalf
Edson Álvarez,322696,972,h,35.1,38.9,34,56.0,Pass,FirstHalf
Raúl Jiménez,108186,972,h,54.0,44.5,34,58.0,Pass,FirstHalf
Érik Lira,447638,972,h,47.2,46.6,35,0.0,Pass,FirstHalf
Kim Seung-Gyu,71968,1159,a,14.6,26.3,35,5.0,Pass,FirstHalf
Kim Min-Jae,370912,1159,a,23.4,42.7,35,8.0,Pass,FirstHalf
Lee Kang-In,367780,1159,a,30.1,34.3,35,17.0,Pass,FirstHalf
Kim Min-Jae,370912,1159,a,21.3,52.7,35,19.0,Pass,FirstHalf
Lee Kang-In,367780,1159,a,34.8,20.9,35,24.0,Pass,FirstHalf
Paik Seung-Ho,362786,1159,a,39.5,34.6,35,25.0,Pass,FirstHalf
Lee Kang-In,367780,1159,a,34.7,32.9,35,29.0,Pass,FirstHalf
Paik Seung-Ho,362786,1159,a,35.4,19.4,35,31.0,Pass,FirstHalf
Lee Kang-In,367780,1159,a,36.5,33.4,35,33.0,Pass,FirstHalf
Paik Seung-Ho,362786,1159,a,32.8,11.2,35,35.0,Pass,FirstHalf
Kim Min-Jae,370912,1159,a,59.4,81.2,35,44.0,Pass,FirstHalf
Lee Kang-In,367780,1159,a,65.2,82.1,35,49.0,Pass,FirstHalf
Seol Young-Woo,477549,1159,a,78.5,79.4,35,50.0,Pass,FirstHalf
Lee Jae-Sung,142959,1159,a,74.7,83.4,35,52.0,Pass,FirstHalf
Lee Gi-Hyuk,447593,1159,a,67.2,95.0,35,54.0,Pass,FirstHalf
Lee Kang-In,367780,1159,a,66.9,83.4,35,59.0,Pass,FirstHalf
Lee Jae-Sung,142959,1159,a,71.9,79.3,36,1.0,Pass,FirstHalf
Seol Young-Woo,477549,1159,a,79.2,97.1,36,2.0,Pass,FirstHalf
Son Heung-Min,91909,1159,a,88.7,90.2,36,3.0,Pass,FirstHalf
Seol Young-Woo,477549,1159,a,79.0,98.6,36,5.0,Pass,FirstHalf
Lee Gi-Hyuk,447593,1159,a,73.3,97.7,36,6.0,Pass,FirstHalf
Lee Kang-In,367780,1159,a,71.1,84.6,36,8.0,Pass,FirstHalf
Lee Gi-Hyuk,447593,1159,a,68.4,93.3,36,9.0,Pass,FirstHalf
Kim Min-Jae,370912,1159,a,52.7,64.8,36,14.0,Pass,FirstHalf
Lee Kang-In,367780,1159,a,46.9,80.8,36,17.0,Pass,FirstHalf
Lee Gi-Hyuk,447593,1159,a,43.9,83.8,36,18.0,Pass,FirstHalf
Lee Jae-Sung,142959,1159,a,61.7,79.8,36,20.0,Pass,FirstHalf
Son Heung-Min,91909,1159,a,75.8,96.0,36,24.0,Pass,FirstHalf
Lee Jae-Sung,142959,1159,a,77.2,87.6,36,27.0,Pass,FirstHalf
Hwang In-Beom,371030,1159,a,64.5,62.1,36,28.0,Pass,FirstHalf
Lee Han-Beom,531031,1159,a,66.4,27.8,36,30.0,Pass,FirstHalf
Hwang In-Beom,371030,1159,a,66.6,49.1,36,35.0,Pass,FirstHalf
Lee Jae-Sung,142959,1159,a,74.2,63.5,36,38.0,Pass,FirstHalf
Lee Kang-In,367780,1159,a,73.8,90.6,36,42.0,Pass,FirstHalf
Hwang In-Beom,371030,1159,a,69.3,87.3,36,43.0,Pass,FirstHalf
Lee Kang-In,367780,1159,a,69.0,90.0,36,49.0,Pass,FirstHalf
Lee Gi-Hyuk,447593,1159,a,56.1,93.0,36,51.0,Pass,FirstHalf
Kim Min-Jae,370912,1159,a,43.0,51.5,36,55.0,Pass,FirstHalf
Lee Gi-Hyuk,447593,1159,a,48.4,85.1,36,58.0,Pass,FirstHalf
Paik Seung-Ho,362786,1159,a,59.3,70.5,37,0.0,Pass,FirstHalf
Lee Jae-Sung,142959,1159,a,68.6,95.9,37,4.0,Pass,FirstHalf
Paik Seung-Ho,362786,1159,a,64.3,85.1,37,5.0,Pass,FirstHalf
Lee Gi-Hyuk,447593,1159,a,59.6,69.0,37,9.0,Pass,FirstHalf
Kim Min-Jae,370912,1159,a,47.8,56.9,37,13.0,Pass,FirstHalf
Hwang In-Beom,371030,1159,a,55.9,27.2,37,15.0,Pass,FirstHalf
Kim Moon-Hwan,414214,1159,a,43.0,22.1,37,19.0,Pass,FirstHalf
Kim Seung-Gyu,71968,1159,a,21.0,33.7,37,30.0,Pass,FirstHalf
Hwang In-Beom,371030,1159,a,37.7,9.7,37,32.0,Pass,FirstHalf
Lee Han-Beom,531031,1159,a,40.4,3.0,37,36.0,Foul,FirstHalf
Lee Han-Beom,531031,1159,a,41.9,8.2,38,11.0,Pass,FirstHalf
Kim Seung-Gyu,71968,1159,a,12.5,32.5,38,15.0,Pass,FirstHalf
Kim Min-Jae,370912,1159,a,26.0,70.2,38,18.0,Pass,FirstHalf
Lee Kang-In,367780,1159,a,36.0,67.7,38,20.0,Pass,FirstHalf
Kim Min-Jae,370912,1159,a,23.5,75.5,38,24.0,Pass,FirstHalf
Lee Gi-Hyuk,447593,1159,a,20.5,68.6,38,26.0,Pass,FirstHalf
Lee Kang-In,367780,1159,a,17.0,45.8,38,28.0,Pass,FirstHalf
Lee Han-Beom,531031,1159,a,56.4,15.5,38,33.0,Pass,FirstHalf
Lee Kang-In,367780,1159,a,38.1,34.7,38,42.0,Pass,FirstHalf
Lee Gi-Hyuk,447593,1159,a,32.6,44.9,38,46.0,Pass,FirstHalf
Lee Kang-In,367780,1159,a,37.4,34.0,38,50.0,Pass,FirstHalf
Lee Gi-Hyuk,447593,1159,a,30.9,53.9,38,52.0,Pass,FirstHalf
Kim Min-Jae,370912,1159,a,31.3,88.5,38,55.0,Pass,FirstHalf
Lee Jae-Sung,142959,1159,a,37.3,85.1,38,57.0,Pass,FirstHalf
Hwang In-Beom,371030,1159,a,34.5,72.5,39,0.0,Pass,FirstHalf
Seol Young-Woo,477549,1159,a,79.9,95.3,39,2.0,Pass,FirstHalf
Edson Álvarez,322696,972,h,19.0,16.2,39,3.0,Clearance,FirstHalf
Seol Young-Woo,477549,1159,a,71.1,100.0,39,14.0,Pass,FirstHalf
Lee Jae-Sung,142959,1159,a,64.3,88.5,39,17.0,Pass,FirstHalf
Kim Min-Jae,370912,1159,a,57.0,60.2,39,20.0,Pass,FirstHalf
Lee Han-Beom,531031,1159,a,58.4,28.6,39,22.0,Pass,FirstHalf
Lee Kang-In,367780,1159,a,64.6,6.1,39,27.0,Pass,FirstHalf
Paik Seung-Ho,362786,1159,a,60.6,20.2,39,28.0,Pass,FirstHalf
Lee Han-Beom,531031,1159,a,38.5,18.2,39,32.0,Pass,FirstHalf
Kim Seung-Gyu,71968,1159,a,19.8,51.6,39,37.0,Pass,FirstHalf
Kim Min-Jae,370912,1159,a,29.7,53.3,39,50.0,Pass,FirstHalf
Paik Seung-Ho,362786,1159,a,37.3,35.6,39,53.0,Pass,FirstHalf
Lee Han-Beom,531031,1159,a,30.4,18.8,39,54.0,Pass,FirstHalf
Kim Moon-Hwan,414214,1159,a,48.7,22.7,39,56.0,Pass,FirstHalf
Lee Kang-In,367780,1159,a,39.3,14.9,39,58.0,Pass,FirstHalf
Kim Moon-Hwan,414214,1159,a,41.9,4.4,39,59.0,Pass,FirstHalf
Lee Kang-In,367780,1159,a,35.0,12.4,40,1.0,Pass,FirstHalf
Paik Seung-Ho,362786,1159,a,34.6,23.9,40,2.0,Pass,FirstHalf
Hwang In-Beom,371030,1159,a,39.2,39.1,40,4.0,Pass,FirstHalf
Jesús Gallardo,252248,972,h,34.4,100.0,40,25.0,Pass,FirstHalf
Raúl Jiménez,108186,972,h,42.9,95.1,40,27.0,Pass,FirstHalf
Julián Quiñones,509557,972,h,40.2,89.4,40,29.0,BallTouch,FirstHalf
Paik Seung-Ho,362786,1159,a,61.3,19.5,40,31.0,Pass,FirstHalf
Hwang In-Beom,371030,1159,a,60.7,36.1,40,34.0,Pass,FirstHalf
Lee Jae-Sung,142959,1159,a,70.8,61.3,40,36.0,Pass,FirstHalf
Roberto Alvarado,447636,972,h,19.5,35.2,40,37.0,BallTouch,FirstHalf
Seol Young-Woo,477549,1159,a,95.0,67.4,40,39.0,MissedShots,FirstHalf
Raúl Rangel,527319,972,h,4.1,40.7,41,8.0,Pass,FirstHalf
Raúl Jiménez,108186,972,h,64.7,22.8,41,12.0,Pass,FirstHalf
Seol Young-Woo,477549,1159,a,24.1,77.3,41,15.0,Pass,FirstHalf
Paik Seung-Ho,362786,1159,a,33.0,70.2,41,16.0,Pass,FirstHalf
Kim Min-Jae,370912,1159,a,21.5,57.9,41,19.0,Pass,FirstHalf
Son Heung-Min,91909,1159,a,71.2,24.7,41,25.0,Pass,FirstHalf
Kim Moon-Hwan,414214,1159,a,71.6,10.0,41,27.0,Pass,FirstHalf
Lee Kang-In,367780,1159,a,70.6,19.4,41,30.0,Pass,FirstHalf
Hwang In-Beom,371030,1159,a,88.9,12.1,41,33.0,Pass,FirstHalf
Jesús Gallardo,252248,972,h,15.0,88.1,41,33.0,BlockedPass,FirstHalf
Kim Moon-Hwan,414214,1159,a,86.9,0.0,41,41.0,Pass,FirstHalf
Lee Han-Beom,531031,1159,a,63.1,8.0,41,43.0,Pass,FirstHalf
Kim Min-Jae,370912,1159,a,47.3,15.7,41,46.0,Pass,FirstHalf
Lee Gi-Hyuk,447593,1159,a,52.4,65.1,41,50.0,Pass,FirstHalf
Paik Seung-Ho,362786,1159,a,60.6,58.1,41,51.0,Pass,FirstHalf
Lee Gi-Hyuk,447593,1159,a,48.9,61.1,41,54.0,Pass,FirstHalf
Kim Min-Jae,370912,1159,a,42.3,46.0,41,56.0,Pass,FirstHalf
Lee Kang-In,367780,1159,a,56.5,32.2,42,0.0,Pass,FirstHalf
Lee Han-Beom,531031,1159,a,72.0,5.5,42,2.0,Pass,FirstHalf
Lee Kang-In,367780,1159,a,66.5,36.7,42,6.0,Pass,FirstHalf
Seol Young-Woo,477549,1159,a,93.7,92.6,42,11.0,Pass,FirstHalf
Roberto Alvarado,447636,972,h,6.8,9.4,42,11.0,Clearance,FirstHalf
Seol Young-Woo,477549,1159,a,92.5,96.6,42,13.0,Pass,FirstHalf
Lee Gi-Hyuk,447593,1159,a,67.9,79.2,42,17.0,Pass,FirstHalf
Paik Seung-Ho,362786,1159,a,66.0,76.7,42,19.0,Pass,FirstHalf
Seol Young-Woo,477549,1159,a,73.8,96.2,42,21.0,Pass,FirstHalf
Son Heung-Min,91909,1159,a,73.6,73.4,42,24.0,Pass,FirstHalf
Hwang In-Beom,371030,1159,a,70.9,73.1,42,27.0,Pass,FirstHalf
Lee Gi-Hyuk,447593,1159,a,65.8,84.8,42,28.0,Pass,FirstHalf
Kim Min-Jae,370912,1159,a,63.8,35.8,42,35.0,Pass,FirstHalf
Hwang In-Beom,371030,1159,a,62.5,70.7,42,43.0,Pass,FirstHalf
Lee Gi-Hyuk,447593,1159,a,53.3,72.3,42,45.0,Pass,FirstHalf
Paik Seung-Ho,362786,1159,a,65.2,97.4,42,47.0,Pass,FirstHalf
Seol Young-Woo,477549,1159,a,74.5,94.4,42,49.0,Pass,FirstHalf
Paik Seung-Ho,362786,1159,a,60.4,90.9,42,51.0,Pass,FirstHalf
Lee Kang-In,367780,1159,a,64.0,77.0,42,57.0,Pass,FirstHalf
Paik Seung-Ho,362786,1159,a,65.5,95.7,42,58.0,Pass,FirstHalf
Lee Kang-In,367780,1159,a,54.4,82.4,43,0.0,Pass,FirstHalf
Hwang In-Beom,371030,1159,a,54.9,63.6,43,2.0,Pass,FirstHalf
Lee Gi-Hyuk,447593,1159,a,44.7,68.7,43,5.0,Pass,FirstHalf
Hwang In-Beom,371030,1159,a,55.2,34.0,43,13.0,Pass,FirstHalf
Kim Moon-Hwan,414214,1159,a,48.0,31.6,43,16.0,Pass,FirstHalf
Kim Min-Jae,370912,1159,a,44.4,48.9,43,19.0,Pass,FirstHalf
Lee Gi-Hyuk,447593,1159,a,59.1,78.2,43,20.0,Pass,FirstHalf
Raúl Rangel,527319,972,h,10.5,35.8,43,35.0,Pass,FirstHalf
Edson Álvarez,322696,972,h,24.2,35.4,43,41.0,Pass,FirstHalf
Jorge Sánchez,447643,972,h,23.3,14.1,43,43.0,Pass,FirstHalf
Roberto Alvarado,447636,972,h,30.2,6.5,43,45.0,Pass,FirstHalf
Lee Han-Beom,531031,1159,a,51.9,51.9,43,48.0,Pass,FirstHalf
Hwang In-Beom,371030,1159,a,63.1,50.5,43,50.0,Pass,FirstHalf
Son Heung-Min,91909,1159,a,73.1,48.9,43,51.0,Pass,FirstHalf
Lee Kang-In,367780,1159,a,75.3,37.8,43,54.0,SavedShot,FirstHalf
Johan Vásquez,425115,972,h,13.7,58.1,43,55.0,Save,FirstHalf
Lee Kang-In,367780,1159,a,69.2,34.7,43,57.0,Pass,FirstHalf
Paik Seung-Ho,362786,1159,a,70.1,47.2,43,59.0,Pass,FirstHalf
Jesús Gallardo,252248,972,h,13.5,80.6,44,1.0,Clearance,FirstHalf
Julián Quiñones,509557,972,h,23.1,95.0,44,4.0,Pass,FirstHalf
Jesús Gallardo,252248,972,h,14.9,94.1,44,5.0,Pass,FirstHalf
Raúl Jiménez,108186,972,h,44.1,57.4,44,9.0,Dispossessed,FirstHalf
Kim Min-Jae,370912,1159,a,55.9,42.6,44,9.0,Tackle,FirstHalf
Paik Seung-Ho,362786,1159,a,57.0,60.3,44,12.0,Pass,FirstHalf
Seol Young-Woo,477549,1159,a,56.7,84.0,44,14.0,Pass,FirstHalf
Lee Gi-Hyuk,447593,1159,a,44.1,73.4,44,16.0,Pass,FirstHalf
Hwang In-Beom,371030,1159,a,53.9,53.3,44,17.0,Pass,FirstHalf
Kim Min-Jae,370912,1159,a,40.0,40.7,44,19.0,Pass,FirstHalf
Hwang In-Beom,371030,1159,a,47.0,52.8,44,22.0,Pass,FirstHalf
Lee Jae-Sung,142959,1159,a,45.0,69.2,44,26.0,Foul,FirstHalf
Lee Gi-Hyuk,447593,1159,a,41.9,68.1,44,44.0,Pass,FirstHalf
Hwang In-Beom,371030,1159,a,54.1,69.3,44,47.0,Pass,FirstHalf
Lee Jae-Sung,142959,1159,a,64.2,81.9,44,49.0,Pass,FirstHalf
Hwang In-Beom,371030,1159,a,56.4,62.7,44,53.0,Pass,FirstHalf
Lee Han-Beom,531031,1159,a,64.4,7.9,44,55.0,Pass,FirstHalf
Lee Kang-In,367780,1159,a,66.5,3.4,44,57.0,Pass,FirstHalf
Lee Han-Beom,531031,1159,a,82.0,1.6,45,0.0,Pass,FirstHalf
Roberto Alvarado,447636,972,h,7.3,22.8,45,4.0,Clearance,FirstHalf
Seol Young-Woo,477549,1159,a,90.5,100.0,45,17.0,Pass,FirstHalf
Son Heung-Min,91909,1159,a,98.2,84.9,45,20.0,BallTouch,FirstHalf
Raúl Rangel,527319,972,h,3.0,42.2,45,47.0,Pass,FirstHalf
Seol Young-Woo,477549,1159,a,29.8,85.2,45,53.0,Pass,FirstHalf
Lee Jae-Sung,142959,1159,a,44.3,93.5,45,56.0,Pass,FirstHalf
Jorge Sánchez,447643,972,h,44.8,0.0,46,10.0,Pass,FirstHalf
Raúl Jiménez,108186,972,h,67.7,11.3,46,13.0,Pass,FirstHalf
Lee Han-Beom,531031,1159,a,34.6,85.9,46,15.0,Interception,FirstHalf
Paik Seung-Ho,362786,1159,a,41.8,84.8,46,16.0,Pass,FirstHalf
Johan Vásquez,425115,972,h,19.4,46.8,46,25.0,Pass,FirstHalf
Edson Álvarez,322696,972,h,21.5,29.7,46,28.0,Pass,FirstHalf
Jorge Sánchez,447643,972,h,24.7,9.2,46,30.0,Pass,FirstHalf
Edson Álvarez,322696,972,h,20.7,36.0,46,32.0,Pass,FirstHalf
Luis Romo,447635,972,h,27.8,36.6,46,33.0,Pass,FirstHalf
Jorge Sánchez,447643,972,h,23.0,7.4,46,35.0,Pass,FirstHalf
Raúl Jiménez,108186,972,h,46.4,6.4,46,38.0,Pass,FirstHalf
Seol Young-Woo,477549,1159,a,45.3,86.3,46,40.0,Pass,FirstHalf
Kim Seung-Gyu,71968,1159,a,11.4,59.1,46,42.0,Pass,FirstHalf
Kim Min-Jae,370912,1159,a,34.1,54.5,46,47.0,Pass,FirstHalf
Lee Kang-In,367780,1159,a,38.8,57.5,46,51.0,Pass,FirstHalf
Lee Gi-Hyuk,447593,1159,a,34.2,89.3,46,53.0,Pass,FirstHalf
Seol Young-Woo,477549,1159,a,40.7,95.4,46,55.0,Pass,FirstHalf
Lee Kang-In,367780,1159,a,39.7,70.8,46,59.0,Foul,FirstHalf
Lee Gi-Hyuk,447593,1159,a,37.4,66.2,47,14.0,Pass,FirstHalf
Kim Seung-Gyu,71968,1159,a,20.1,51.5,47,16.0,Pass,FirstHalf
Kim Min-Jae,370912,1159,a,39.7,32.8,47,24.0,Pass,FirstHalf
Paik Seung-Ho,362786,1159,a,41.4,73.4,47,30.0,Pass,FirstHalf
Lee Kang-In,367780,1159,a,38.6,79.7,47,33.0,Pass,FirstHalf
Kim Min-Jae,370912,1159,a,32.2,44.5,47,36.0,Pass,FirstHalf
Paik Seung-Ho,362786,1159,a,41.2,37.3,47,38.0,Pass,FirstHalf
Lee Han-Beom,531031,1159,a,51.2,6.7,47,39.0,Pass,FirstHalf
Luis Romo,447635,972,h,55.5,70.8,47,42.0,TakeOn,FirstHalf
Paik Seung-Ho,362786,1159,a,44.5,29.2,47,42.0,Tackle,FirstHalf
Luis Romo,447635,972,h,57.5,75.6,47,43.0,BallTouch,FirstHalf
Paik Seung-Ho,362786,1159,a,41.0,31.0,47,45.0,Pass,FirstHalf
Kim Min-Jae,370912,1159,a,25.9,43.7,47,47.0,Pass,FirstHalf
Lee Gi-Hyuk,447593,1159,a,32.3,74.0,47,51.0,Pass,FirstHalf
Lee Kang-In,367780,1159,a,41.3,65.9,47,54.0,Pass,FirstHalf
Kim Moon-Hwan,414214,1159,a,71.4,14.6,47,58.0,BallTouch,FirstHalf
Jesús Gallardo,252248,972,h,29.3,100.0,48,8.0,Pass,FirstHalf
Johan Vásquez,425115,972,h,22.2,82.0,48,11.0,Pass,FirstHalf
Edson Álvarez,322696,972,h,26.7,41.8,48,21.0,Pass,FirstHalf
Luis Romo,447635,972,h,31.3,47.5,48,22.0,Pass,FirstHalf
Raúl Rangel,527319,972,h,8.5,50.6,48,27.0,Pass,FirstHalf
Kim Min-Jae,370912,1159,a,52.7,16.8,48,33.0,Pass,FirstHalf
Jesús Gallardo,252248,972,h,32.0,100.0,48,56.0,Pass,FirstHalf
Raúl Jiménez,108186,972,h,35.4,95.4,48,59.0,Pass,FirstHalf
Jesús Gallardo,252248,972,h,31.6,93.8,49,1.0,Pass,FirstHalf
Lee Han-Beom,531031,1159,a,65.4,8.8,49,1.0,BlockedPass,FirstHalf
Érik Lira,447638,972,h,30.4,81.8,49,3.0,Dispossessed,FirstHalf
Son Heung-Min,91909,1159,a,69.6,18.2,49,3.0,Tackle,FirstHalf
Érik Lira,447638,972,h,29.1,83.5,49,4.0,BallTouch,FirstHalf
Lee Kang-In,367780,1159,a,69.8,21.5,49,4.0,Pass,FirstHalf
Lee Han-Beom,531031,1159,a,64.8,10.4,49,7.0,Pass,FirstHalf
Hwang In-Beom,371030,1159,a,68.0,7.2,49,8.0,Dispossessed,FirstHalf
Jesús Gallardo,252248,972,h,32.0,92.8,49,8.0,Tackle,FirstHalf
Roberto Alvarado,447636,972,h,50.1,50.0,45,0.0,Pass,SecondHalf
Brian Gutiérrez,396565,972,h,52.9,45.5,45,3.0,Pass,SecondHalf
Érik Lira,447638,972,h,38.2,53.9,45,4.0,Pass,SecondHalf
Edson Álvarez,322696,972,h,36.5,64.9,45,6.0,Pass,SecondHalf
Lee Han-Beom,531031,1159,a,26.0,28.0,45,9.0,Pass,SecondHalf
Érik Lira,447638,972,h,43.5,72.3,45,11.0,Pass,SecondHalf
Brian Gutiérrez,396565,972,h,56.0,64.5,45,14.0,Pass,SecondHalf
Roberto Alvarado,447636,972,h,68.3,85.7,45,19.0,Pass,SecondHalf
Julián Quiñones,509557,972,h,74.1,94.4,45,22.0,Pass,SecondHalf
Roberto Alvarado,447636,972,h,75.4,89.6,45,24.0,Pass,SecondHalf
Julián Quiñones,509557,972,h,69.9,93.2,45,26.0,Pass,SecondHalf
Brian Gutiérrez,396565,972,h,71.5,71.2,45,30.0,Pass,SecondHalf
Luis Romo,447635,972,h,74.9,48.1,45,31.0,BallTouch,SecondHalf
Kim Min-Jae,370912,1159,a,59.3,89.9,45,39.0,Pass,SecondHalf
Seol Young-Woo,477549,1159,a,47.4,90.2,45,44.0,Pass,SecondHalf
Lee Gi-Hyuk,447593,1159,a,29.1,80.4,45,47.0,Pass,SecondHalf
Hwang In-Beom,371030,1159,a,26.5,64.2,45,49.0,Pass,SecondHalf
Lee Han-Beom,531031,1159,a,31.4,34.9,45,53.0,Pass,SecondHalf
Kim Seung-Gyu,71968,1159,a,11.2,58.1,45,56.0,Pass,SecondHalf
Lee Gi-Hyuk,447593,1159,a,25.0,76.8,45,59.0,Pass,SecondHalf
Kim Min-Jae,370912,1159,a,41.9,97.7,46,7.0,Pass,SecondHalf
Lee Gi-Hyuk,447593,1159,a,32.6,73.2,46,9.0,Pass,SecondHalf
Lee Han-Beom,531031,1159,a,30.8,26.6,46,12.0,Pass,SecondHalf
Lee Kang-In,367780,1159,a,35.1,31.1,46,13.0,Pass,SecondHalf
Hwang In-Beom,371030,1159,a,35.6,36.2,46,14.0,Pass,SecondHalf
Johan Vásquez,425115,972,h,48.4,100.0,46,21.0,Pass,SecondHalf
Edson Álvarez,322696,972,h,38.4,84.1,46,24.0,Pass,SecondHalf
Érik Lira,447638,972,h,43.7,73.4,46,27.0,Pass,SecondHalf
Johan Vásquez,425115,972,h,47.5,93.5,46,31.0,Pass,SecondHalf
Érik Lira,447638,972,h,41.9,69.9,46,35.0,Pass,SecondHalf
Edson Álvarez,322696,972,h,36.5,44.2,46,38.0,Pass,SecondHalf
Luis Romo,447635,972,h,44.4,41.7,46,42.0,TakeOn,SecondHalf
Lee Jae-Sung,142959,1159,a,55.6,58.3,46,42.0,Tackle,SecondHalf
Luis Romo,447635,972,h,45.4,42.1,46,43.0,BallTouch,SecondHalf
Lee Jae-Sung,142959,1159,a,58.2,59.1,46,44.0,BallTouch,SecondHalf
Son Heung-Min,91909,1159,a,57.3,60.9,46,46.0,Pass,SecondHalf
Luis Romo,447635,972,h,42.7,38.6,46,46.0,BlockedPass,SecondHalf
Luis Romo,447635,972,h,45.0,49.7,46,48.0,Pass,SecondHalf
Érik Lira,447638,972,h,47.4,50.6,46,52.0,Pass,SecondHalf
Edson Álvarez,322696,972,h,39.1,30.1,46,55.0,Pass,SecondHalf
Jorge Sánchez,447643,972,h,52.5,11.3,46,57.0,Pass,SecondHalf
Edson Álvarez,322696,972,h,38.7,21.0,46,59.0,Pass,SecondHalf
Luis Romo,447635,972,h,47.7,23.1,47,1.0,Pass,SecondHalf
Edson Álvarez,322696,972,h,37.5,20.1,47,3.0,Pass,SecondHalf
Brian Gutiérrez,396565,972,h,59.4,27.6,47,8.0,Pass,SecondHalf
Lee Gi-Hyuk,447593,1159,a,27.1,67.9,47,10.0,Pass,SecondHalf
Son Heung-Min,91909,1159,a,44.3,57.0,47,12.0,TakeOn,SecondHalf
Son Heung-Min,91909,1159,a,52.8,54.6,47,13.0,Pass,SecondHalf
Lee Kang-In,367780,1159,a,60.0,41.4,47,15.0,TakeOn,SecondHalf
Lee Kang-In,367780,1159,a,58.1,43.1,47,17.0,Pass,SecondHalf
Hwang In-Beom,371030,1159,a,55.9,35.6,47,18.0,Pass,SecondHalf
Kim Moon-Hwan,414214,1159,a,61.0,10.1,47,23.0,Pass,SecondHalf
Hwang In-Beom,371030,1159,a,56.7,16.1,47,24.0,Pass,SecondHalf
Lee Kang-In,367780,1159,a,58.0,28.1,47,27.0,Pass,SecondHalf
Raúl Rangel,527319,972,h,6.6,51.0,47,49.0,Pass,SecondHalf
Luis Romo,447635,972,h,14.3,61.5,47,52.0,Pass,SecondHalf
Johan Vásquez,425115,972,h,11.9,81.2,47,54.0,Pass,SecondHalf
Julián Quiñones,509557,972,h,24.7,83.6,47,56.0,Pass,SecondHalf
Jesús Gallardo,252248,972,h,24.4,89.1,48,0.0,TakeOn,SecondHalf
Jesús Gallardo,252248,972,h,29.4,90.3,48,2.0,Pass,SecondHalf
Lee Gi-Hyuk,447593,1159,a,44.6,23.5,48,4.0,Clearance,SecondHalf
Raúl Jiménez,108186,972,h,56.2,73.8,48,5.0,BallTouch,SecondHalf
Brian Gutiérrez,396565,972,h,59.4,62.6,48,6.0,Pass,SecondHalf
Jesús Gallardo,252248,972,h,93.3,68.3,48,10.0,MissedShots,SecondHalf
Kim Seung-Gyu,71968,1159,a,5.2,39.7,48,38.0,Pass,SecondHalf
Johan Vásquez,425115,972,h,34.4,71.7,48,42.0,Pass,SecondHalf
Paik Seung-Ho,362786,1159,a,47.4,38.3,48,44.0,Pass,SecondHalf
Jesús Gallardo,252248,972,h,43.9,83.5,48,45.0,Pass,SecondHalf
Érik Lira,447638,972,h,42.2,70.3,48,46.0,Pass,SecondHalf
Brian Gutiérrez,396565,972,h,63.7,42.2,48,51.0,Pass,SecondHalf
Julián Quiñones,509557,972,h,76.7,79.1,48,53.0,BallTouch,SecondHalf
Kim Moon-Hwan,414214,1159,a,24.2,0.0,49,23.0,Pass,SecondHalf
Lee Jae-Sung,142959,1159,a,35.9,17.5,49,24.0,Pass,SecondHalf
Jesús Gallardo,252248,972,h,62.1,88.9,49,25.0,Pass,SecondHalf
Paik Seung-Ho,362786,1159,a,29.2,18.4,49,29.0,Pass,SecondHalf
Érik Lira,447638,972,h,73.0,88.7,49,32.0,Pass,SecondHalf
Julián Quiñones,509557,972,h,82.6,93.3,49,36.0,Pass,SecondHalf
Raúl Jiménez,108186,972,h,90.5,53.0,49,39.0,SavedShot,SecondHalf
Lee Gi-Hyuk,447593,1159,a,8.4,46.9,49,39.0,Save,SecondHalf
Kim Seung-Gyu,71968,1159,a,9.3,49.3,49,40.0,Claim,SecondHalf
Luis Romo,447635,972,h,86.8,51.7,49,41.0,Goal,SecondHalf
Lee Kang-In,367780,1159,a,49.6,49.9,51,15.0,Pass,SecondHalf
Jesús Gallardo,252248,972,h,14.2,100.0,51,35.0,Pass,SecondHalf
Johan Vásquez,425115,972,h,9.9,92.4,51,36.0,Pass,SecondHalf
Hwang In-Beom,371030,1159,a,77.0,13.1,51,37.0,BallTouch,SecondHalf
Jesús Gallardo,252248,972,h,27.4,100.0,51,55.0,Pass,SecondHalf
Raúl Jiménez,108186,972,h,39.3,94.8,51,57.0,Pass,SecondHalf
Paik Seung-Ho,362786,1159,a,45.0,35.3,51,59.0,BallTouch,SecondHalf
Seol Young-Woo,477549,1159,a,42.4,55.7,52,1.0,Pass,SecondHalf
Jesús Gallardo,252248,972,h,31.4,88.1,52,1.0,Pass,SecondHalf
Raúl Jiménez,108186,972,h,39.6,94.7,52,3.0,Pass,SecondHalf
,,1159,a,32.4,59.2,52,9.0,Foul,SecondHalf
Lee Gi-Hyuk,447593,1159,a,33.1,68.4,52,20.0,Pass,SecondHalf
Kim Seung-Gyu,71968,1159,a,19.4,46.7,52,26.0,Pass,SecondHalf
Kim Min-Jae,370912,1159,a,36.2,46.0,52,39.0,Pass,SecondHalf
Lee Kang-In,367780,1159,a,47.1,29.5,52,47.0,Pass,SecondHalf
Lee Han-Beom,531031,1159,a,44.1,6.7,52,49.0,Pass,SecondHalf
Kim Moon-Hwan,414214,1159,a,54.2,4.6,52,52.0,Pass,SecondHalf
Lee Han-Beom,531031,1159,a,37.7,3.7,52,54.0,Pass,SecondHalf
Kim Seung-Gyu,71968,1159,a,14.8,31.3,52,58.0,Pass,SecondHalf
Lee Gi-Hyuk,447593,1159,a,28.9,79.1,53,3.0,Pass,SecondHalf
Raúl Rangel,527319,972,h,9.2,49.4,53,25.0,Pass,SecondHalf
Raúl Jiménez,108186,972,h,56.9,74.8,53,28.0,Pass,SecondHalf
Kim Moon-Hwan,414214,1159,a,29.9,0.0,53,45.0,Pass,SecondHalf
Paik Seung-Ho,362786,1159,a,29.0,8.8,53,46.0,Pass,SecondHalf
Kim Moon-Hwan,414214,1159,a,27.4,4.0,53,48.0,Pass,SecondHalf
Edson Álvarez,322696,972,h,23.6,69.9,53,52.0,Pass,SecondHalf
Raúl Rangel,527319,972,h,9.6,61.7,53,54.0,Pass,SecondHalf
Johan Vásquez,425115,972,h,15.1,90.3,53,58.0,Pass,SecondHalf
Kim Moon-Hwan,414214,1159,a,51.0,0.0,54,18.0,Pass,SecondHalf
Paik Seung-Ho,362786,1159,a,49.3,13.0,54,21.0,Pass,SecondHalf
Lee Gi-Hyuk,447593,1159,a,36.4,41.5,54,24.0,Pass,SecondHalf
Hwang In-Beom,371030,1159,a,47.2,66.2,54,27.0,Pass,SecondHalf
Seol Young-Woo,477549,1159,a,57.3,93.8,54,29.0,Pass,SecondHalf
Hwang In-Beom,371030,1159,a,46.7,86.4,54,30.0,Pass,SecondHalf
Paik Seung-Ho,362786,1159,a,56.6,68.9,54,34.0,Pass,SecondHalf
Hwang In-Beom,371030,1159,a,53.2,65.6,54,38.0,Pass,SecondHalf
Kim Min-Jae,370912,1159,a,52.1,30.2,54,41.0,Pass,SecondHalf
Lee Han-Beom,531031,1159,a,57.1,10.9,54,43.0,Pass,SecondHalf
Kim Min-Jae,370912,1159,a,46.9,30.7,54,45.0,Pass,SecondHalf
Lee Han-Beom,531031,1159,a,51.6,11.0,54,47.0,Pass,SecondHalf
Kim Min-Jae,370912,1159,a,42.5,29.9,54,51.0,Pass,SecondHalf
Paik Seung-Ho,362786,1159,a,60.7,40.0,54,52.0,Pass,SecondHalf
Érik Lira,447638,972,h,40.1,68.7,54,52.0,Interception,SecondHalf
Lee Kang-In,367780,1159,a,61.5,33.3,54,54.0,TakeOn,SecondHalf
Lee Kang-In,367780,1159,a,61.8,31.9,54,55.0,TakeOn,SecondHalf
Luis Romo,447635,972,h,38.2,68.1,54,55.0,Tackle,SecondHalf
Luis Romo,447635,972,h,32.9,81.4,54,58.0,Pass,SecondHalf
Kim Moon-Hwan,414214,1159,a,73.8,23.1,55,0.0,Pass,SecondHalf
Son Heung-Min,91909,1159,a,87.0,44.5,55,2.0,TakeOn,SecondHalf
Son Heung-Min,91909,1159,a,84.6,47.7,55,4.0,Pass,SecondHalf
Brian Gutiérrez,396565,972,h,18.2,46.2,55,5.0,Interception,SecondHalf
Lee Jae-Sung,142959,1159,a,81.7,53.3,55,6.0,BallTouch,SecondHalf
Brian Gutiérrez,396565,972,h,18.7,45.8,55,6.0,Pass,SecondHalf
Roberto Alvarado,447636,972,h,10.8,46.9,55,7.0,Clearance,SecondHalf
Seol Young-Woo,477549,1159,a,59.0,100.0,55,30.0,Pass,SecondHalf
Hwang In-Beom,371030,1159,a,52.5,88.8,55,31.0,Pass,SecondHalf
Seol Young-Woo,477549,1159,a,55.0,98.9,55,33.0,Pass,SecondHalf
Roberto Alvarado,447636,972,h,45.0,2.6,55,33.0,BlockedPass,SecondHalf
Brian Gutiérrez,396565,972,h,47.0,10.7,55,35.0,Pass,SecondHalf
Roberto Alvarado,447636,972,h,46.2,6.5,55,37.0,Pass,SecondHalf
Raúl Jiménez,108186,972,h,55.7,9.7,55,37.0,Pass,SecondHalf
Lee Gi-Hyuk,447593,1159,a,34.6,88.8,55,39.0,Pass,SecondHalf
Kim Min-Jae,370912,1159,a,25.0,74.6,55,41.0,Pass,SecondHalf
Kim Seung-Gyu,71968,1159,a,9.5,46.7,55,45.0,Pass,SecondHalf
Johan Vásquez,425115,972,h,24.5,69.1,55,52.0,OffsidePass,SecondHalf
Lee Han-Beom,531031,1159,a,39.1,22.9,56,1.0,Pass,SecondHalf
Kim Min-Jae,370912,1159,a,34.1,45.2,56,3.0,Pass,SecondHalf
Lee Gi-Hyuk,447593,1159,a,42.7,73.4,56,7.0,Pass,SecondHalf
Kim Min-Jae,370912,1159,a,37.4,45.5,56,9.0,Pass,SecondHalf
Lee Han-Beom,531031,1159,a,44.4,24.2,56,12.0,Pass,SecondHalf
Lee Kang-In,367780,1159,a,52.1,2.9,56,15.0,Pass,SecondHalf
Son Heung-Min,91909,1159,a,58.2,7.0,56,18.0,TakeOn,SecondHalf
Son Heung-Min,91909,1159,a,55.0,10.4,56,20.0,TakeOn,SecondHalf
Son Heung-Min,91909,1159,a,54.6,8.8,56,21.0,Foul,SecondHalf
Lee Han-Beom,531031,1159,a,51.0,8.0,56,53.0,Pass,SecondHalf
Hwang In-Beom,371030,1159,a,56.4,17.6,56,54.0,Pass,SecondHalf
Lee Kang-In,367780,1159,a,63.4,11.1,56,58.0,Pass,SecondHalf
Hwang In-Beom,371030,1159,a,59.1,19.0,57,0.0,Pass,SecondHalf
Edson Álvarez,322696,972,h,39.5,42.8,57,5.0,Pass,SecondHalf
Brian Gutiérrez,396565,972,h,38.1,36.7,57,6.0,Pass,SecondHalf
Roberto Alvarado,447636,972,h,32.5,23.1,57,8.0,Pass,SecondHalf
Jorge Sánchez,447643,972,h,30.6,41.3,57,10.0,Pass,SecondHalf
Raúl Rangel,527319,972,h,8.5,49.0,57,16.0,Pass,SecondHalf
Roberto Alvarado,447636,972,h,13.3,15.8,57,20.0,Pass,SecondHalf
Raúl Rangel,527319,972,h,2.2,60.5,57,24.0,Pass,SecondHalf
Hwang In-Beom,371030,1159,a,74.8,40.0,57,28.0,SavedShot,SecondHalf
Johan Vásquez,425115,972,h,14.2,56.0,57,28.0,Save,SecondHalf
Brian Gutiérrez,396565,972,h,28.8,35.2,57,33.0,Foul,SecondHalf
Raúl Rangel,527319,972,h,28.9,34.0,58,41.0,Pass,SecondHalf
Lee Gi-Hyuk,447593,1159,a,23.6,92.4,58,45.0,Pass,SecondHalf
Edson Álvarez,322696,972,h,47.4,23.4,58,48.0,Clearance,SecondHalf
Kim Moon-Hwan,414214,1159,a,35.3,25.9,58,53.0,Pass,SecondHalf
Lee Han-Beom,531031,1159,a,28.3,35.6,58,54.0,Pass,SecondHalf
Kim Min-Jae,370912,1159,a,31.8,47.8,58,55.0,Pass,SecondHalf
Lee Han-Beom,531031,1159,a,29.4,31.4,59,1.0,Pass,SecondHalf
Hwang In-Beom,371030,1159,a,38.2,40.4,59,1.0,Pass,SecondHalf
Lee Han-Beom,531031,1159,a,29.0,34.7,59,3.0,Pass,SecondHalf
Kim Min-Jae,370912,1159,a,29.4,56.9,59,5.0,Pass,SecondHalf
Hwang Hee-Chan,262854,1159,a,42.4,60.0,59,8.0,Pass,SecondHalf
Kim Min-Jae,370912,1159,a,35.4,59.6,59,14.0,Pass,SecondHalf
Paik Seung-Ho,362786,1159,a,45.9,73.5,59,17.0,Pass,SecondHalf
Lee Gi-Hyuk,447593,1159,a,57.9,94.8,59,19.0,Pass,SecondHalf
Paik Seung-Ho,362786,1159,a,55.0,82.1,59,23.0,Pass,SecondHalf
Kim Min-Jae,370912,1159,a,46.4,48.5,59,27.0,Pass,SecondHalf
Lee Gi-Hyuk,447593,1159,a,55.5,74.9,59,28.0,Pass,SecondHalf
Paik Seung-Ho,362786,1159,a,57.8,91.7,59,32.0,Pass,SecondHalf
Hwang Hee-Chan,262854,1159,a,64.5,97.7,59,35.0,Pass,SecondHalf
Paik Seung-Ho,362786,1159,a,51.8,86.7,59,38.0,Pass,SecondHalf
Kim Min-Jae,370912,1159,a,47.3,44.3,59,45.0,Pass,SecondHalf
Lee Gi-Hyuk,447593,1159,a,47.2,57.3,59,49.0,Pass,SecondHalf
Kim Min-Jae,370912,1159,a,43.8,12.5,59,52.0,Pass,SecondHalf
Lee Han-Beom,531031,1159,a,41.6,6.5,59,53.0,Pass,SecondHalf
Kim Seung-Gyu,71968,1159,a,8.5,44.2,59,57.0,Pass,SecondHalf
Lee Gi-Hyuk,447593,1159,a,22.1,33.4,59,59.0,Pass,SecondHalf
Lee Han-Beom,531031,1159,a,23.6,6.1,60,2.0,Pass,SecondHalf
Lee Kang-In,367780,1159,a,35.1,5.2,60,4.0,Pass,SecondHalf
Hwang In-Beom,371030,1159,a,25.8,18.5,60,5.0,Pass,SecondHalf
Lee Han-Beom,531031,1159,a,14.5,15.4,60,8.0,Pass,SecondHalf
Kim Seung-Gyu,71968,1159,a,5.3,26.6,60,10.0,Pass,SecondHalf
Johan Vásquez,425115,972,h,39.4,79.4,60,15.0,Pass,SecondHalf
Lee Han-Beom,531031,1159,a,35.9,9.1,60,17.0,Pass,SecondHalf
Lee Kang-In,367780,1159,a,43.3,4.0,60,20.0,BallTouch,SecondHalf
Jesús Gallardo,252248,972,h,49.2,92.6,60,21.0,Pass,SecondHalf
Kim Min-Jae,370912,1159,a,35.1,28.7,60,30.0,Pass,SecondHalf
Lee Gi-Hyuk,447593,1159,a,43.8,76.4,60,32.0,Pass,SecondHalf
Hwang Hee-Chan,262854,1159,a,81.5,89.1,60,39.0,OffsidePass,SecondHalf
Raúl Rangel,527319,972,h,24.8,17.3,61,19.0,Pass,SecondHalf
Lee Han-Beom,531031,1159,a,31.2,24.0,61,24.0,Foul,SecondHalf
Kim Min-Jae,370912,1159,a,27.4,27.2,61,52.0,Pass,SecondHalf
Lee Han-Beom,531031,1159,a,32.5,23.6,61,58.0,Pass,SecondHalf
Lee Gi-Hyuk,447593,1159,a,33.1,85.1,62,3.0,Pass,SecondHalf
Hwang Hee-Chan,262854,1159,a,37.1,88.4,62,6.0,Pass,SecondHalf
Kim Min-Jae,370912,1159,a,44.6,42.7,62,16.0,Pass,SecondHalf
Lee Gi-Hyuk,447593,1159,a,42.0,69.9,62,18.0,Pass,SecondHalf
Hwang Hee-Chan,262854,1159,a,68.7,94.8,62,24.0,Pass,SecondHalf
Seol Young-Woo,477549,1159,a,74.6,98.4,62,25.0,Pass,SecondHalf
Paik Seung-Ho,362786,1159,a,55.6,84.2,62,27.0,Pass,SecondHalf
Lee Gi-Hyuk,447593,1159,a,46.6,65.9,62,29.0,Pass,SecondHalf
Kim Min-Jae,370912,1159,a,47.1,42.4,62,32.0,Pass,SecondHalf
Lee Gi-Hyuk,447593,1159,a,46.1,60.6,62,35.0,Pass,SecondHalf
Hwang Hee-Chan,262854,1159,a,53.5,72.9,62,38.0,Pass,SecondHalf
Paik Seung-Ho,362786,1159,a,52.1,90.5,62,39.0,Pass,SecondHalf
Lee Gi-Hyuk,447593,1159,a,44.3,63.9,62,42.0,Pass,SecondHalf
Kim Min-Jae,370912,1159,a,44.3,46.0,62,44.0,Pass,SecondHalf
Lee Han-Beom,531031,1159,a,52.8,12.2,62,46.0,Pass,SecondHalf
Kim Min-Jae,370912,1159,a,44.6,43.0,62,52.0,Pass,SecondHalf
Lee Gi-Hyuk,447593,1159,a,42.4,67.8,62,54.0,Pass,SecondHalf
Hwang Hee-Chan,262854,1159,a,43.6,55.4,62,59.0,Pass,SecondHalf
Kim Min-Jae,370912,1159,a,36.3,43.4,63,0.0,Pass,SecondHalf
Lee Gi-Hyuk,447593,1159,a,43.6,67.1,63,3.0,Pass,SecondHalf
Lee Han-Beom,531031,1159,a,67.1,7.7,63,6.0,BallTouch,SecondHalf
Jesús Gallardo,252248,972,h,26.7,100.0,63,25.0,Pass,SecondHalf
Raúl Jiménez,108186,972,h,30.5,81.4,63,28.0,Foul,SecondHalf
Johan Vásquez,425115,972,h,28.9,84.2,63,51.0,Pass,SecondHalf
Edson Álvarez,322696,972,h,19.0,53.0,63,54.0,Pass,SecondHalf
Luis Romo,447635,972,h,28.4,61.5,63,56.0,Pass,SecondHalf
Edson Álvarez,322696,972,h,9.3,43.9,63,59.0,Pass,SecondHalf
Jorge Sánchez,447643,972,h,14.2,10.0,64,3.0,Pass,SecondHalf
Brian Gutiérrez,396565,972,h,36.9,48.1,64,8.0,Pass,SecondHalf
Jesús Gallardo,252248,972,h,46.1,88.9,64,11.0,Pass,SecondHalf
Kim Moon-Hwan,414214,1159,a,35.8,5.5,64,13.0,Interception,SecondHalf
Jesús Gallardo,252248,972,h,65.0,100.0,64,28.0,Pass,SecondHalf
Érik Lira,447638,972,h,65.0,90.0,64,30.0,Pass,SecondHalf
Jesús Gallardo,252248,972,h,62.7,95.3,64,32.0,Pass,SecondHalf
Edson Álvarez,322696,972,h,39.4,61.2,64,40.0,Pass,SecondHalf
Jorge Sánchez,447643,972,h,39.0,26.5,64,43.0,Pass,SecondHalf
Roberto Alvarado,447636,972,h,52.0,8.2,64,44.0,Pass,SecondHalf
Brian Gutiérrez,396565,972,h,63.1,12.1,64,46.0,BallTouch,SecondHalf
Lee Gi-Hyuk,447593,1159,a,40.9,91.7,64,49.0,BallTouch,SecondHalf
Jorge Sánchez,447643,972,h,46.6,0.0,64,59.0,Pass,SecondHalf
Edson Álvarez,322696,972,h,29.2,27.1,65,5.0,Pass,SecondHalf
Raúl Rangel,527319,972,h,4.4,50.6,65,12.0,Pass,SecondHalf
Jorge Sánchez,447643,972,h,35.7,7.6,65,15.0,Pass,SecondHalf
Raúl Jiménez,108186,972,h,42.4,12.9,65,17.0,Pass,SecondHalf
Jorge Sánchez,447643,972,h,46.7,3.3,65,17.0,TakeOn,SecondHalf
Seol Young-Woo,477549,1159,a,53.2,100.0,65,34.0,Pass,SecondHalf
Jorge Sánchez,447643,972,h,39.0,18.5,65,37.0,Interception,SecondHalf
Érik Lira,447638,972,h,42.2,34.4,65,38.0,Pass,SecondHalf
Julián Quiñones,509557,972,h,45.6,44.8,65,39.0,Pass,SecondHalf
Érik Lira,447638,972,h,55.5,46.3,65,40.0,Pass,SecondHalf
Julián Quiñones,509557,972,h,72.6,63.0,65,44.0,Pass,SecondHalf
Kim Min-Jae,370912,1159,a,25.7,38.3,65,44.0,BlockedPass,SecondHalf
Lee Gi-Hyuk,447593,1159,a,18.6,48.7,65,46.0,Clearance,SecondHalf
Johan Vásquez,425115,972,h,44.7,80.6,65,51.0,Pass,SecondHalf
Érik Lira,447638,972,h,48.5,74.1,65,52.0,Pass,SecondHalf
Johan Vásquez,425115,972,h,42.1,83.2,65,54.0,Pass,SecondHalf
Edson Álvarez,322696,972,h,30.5,48.1,65,59.0,Pass,SecondHalf
Jorge Sánchez,447643,972,h,30.2,6.8,66,4.0,Pass,SecondHalf
Raúl Rangel,527319,972,h,5.2,30.6,66,7.0,Pass,SecondHalf
Raúl Jiménez,108186,972,h,61.7,25.5,66,12.0,BallTouch,SecondHalf
Lee Han-Beom,531031,1159,a,31.6,60.6,66,15.0,Pass,SecondHalf
Hwang Hee-Chan,262854,1159,a,76.5,89.7,66,22.0,Pass,SecondHalf
Seol Young-Woo,477549,1159,a,86.3,85.9,66,27.0,Pass,SecondHalf
Paik Seung-Ho,362786,1159,a,71.7,78.2,66,29.0,Pass,SecondHalf
Oh Hyeon-Gyu,461463,1159,a,86.8,44.0,66,31.0,Pass,SecondHalf
Lee Kang-In,367780,1159,a,81.6,46.0,66,33.0,Pass,SecondHalf
Hwang In-Beom,371030,1159,a,69.1,45.2,66,35.0,Pass,SecondHalf
Kim Moon-Hwan,414214,1159,a,80.4,29.0,66,36.0,Pass,SecondHalf
Hwang In-Beom,371030,1159,a,79.3,37.6,66,37.0,BallTouch,SecondHalf
Jesús Gallardo,252248,972,h,7.8,71.4,66,39.0,Clearance,SecondHalf
Hwang In-Beom,371030,1159,a,77.0,0.0,66,46.0,Pass,SecondHalf
Lee Han-Beom,531031,1159,a,66.6,10.6,66,47.0,Pass,SecondHalf
Hwang In-Beom,371030,1159,a,72.0,2.2,66,48.0,Pass,SecondHalf
Paik Seung-Ho,362786,1159,a,69.1,23.0,66,52.0,Pass,SecondHalf
Lee Han-Beom,531031,1159,a,62.8,11.8,66,56.0,Pass,SecondHalf
Kim Min-Jae,370912,1159,a,56.0,37.6,66,58.0,Pass,SecondHalf
Lee Kang-In,367780,1159,a,61.8,30.5,67,0.0,Pass,SecondHalf
Kim Min-Jae,370912,1159,a,53.7,43.9,67,1.0,Pass,SecondHalf
Lee Kang-In,367780,1159,a,59.9,26.8,67,3.0,Pass,SecondHalf
Lee Han-Beom,531031,1159,a,57.3,11.0,67,5.0,Pass,SecondHalf
Paik Seung-Ho,362786,1159,a,69.9,2.6,67,9.0,Pass,SecondHalf
Jesús Gallardo,252248,972,h,28.8,96.3,67,9.0,BlockedPass,SecondHalf
Eom Ji-Sung,458184,1159,a,87.5,0.0,71,2.0,Pass,SecondHalf
Lee Han-Beom,531031,1159,a,94.8,38.2,71,4.0,Pass,SecondHalf
Johan Vásquez,425115,972,h,5.3,60.0,71,5.0,Clearance,SecondHalf
Raúl Jiménez,108186,972,h,12.9,76.3,71,8.0,Pass,SecondHalf
Julián Quiñones,509557,972,h,10.1,72.9,71,9.0,Clearance,SecondHalf
Paik Seung-Ho,362786,1159,a,42.2,65.7,71,14.0,Pass,SecondHalf
Jorge Sánchez,447643,972,h,51.1,0.0,71,33.0,Pass,SecondHalf
Edson Álvarez,322696,972,h,37.3,8.9,71,40.0,Pass,SecondHalf
Obed Vargas,419580,972,h,28.3,38.0,71,44.0,Pass,SecondHalf
Johan Vásquez,425115,972,h,23.9,79.1,71,47.0,Pass,SecondHalf
Jesús Gallardo,252248,972,h,22.5,95.7,71,50.0,Pass,SecondHalf
Kim Min-Jae,370912,1159,a,30.9,22.9,71,53.0,Pass,SecondHalf
Paik Seung-Ho,362786,1159,a,41.9,31.4,71,56.0,Pass,SecondHalf
Lee Han-Beom,531031,1159,a,37.7,15.1,71,58.0,Pass,SecondHalf
Kim Min-Jae,370912,1159,a,31.8,34.3,72,3.0,Pass,SecondHalf
Hwang In-Beom,371030,1159,a,41.0,31.6,72,6.0,Pass,SecondHalf
Kim Min-Jae,370912,1159,a,40.0,47.3,72,9.0,Pass,SecondHalf
Lee Gi-Hyuk,447593,1159,a,43.0,88.1,72,12.0,Pass,SecondHalf
Kim Min-Jae,370912,1159,a,41.7,60.0,72,14.0,Pass,SecondHalf
Lee Gi-Hyuk,447593,1159,a,30.5,97.1,72,18.0,Pass,SecondHalf
Eom Ji-Sung,458184,1159,a,30.4,96.2,72,24.0,Pass,SecondHalf
Kim Seung-Gyu,71968,1159,a,11.0,51.9,72,33.0,Pass,SecondHalf
Kim Min-Jae,370912,1159,a,14.0,62.0,72,38.0,Pass,SecondHalf
Kim Seung-Gyu,71968,1159,a,7.9,32.0,72,40.0,Pass,SecondHalf
Jesús Gallardo,252248,972,h,32.4,83.7,72,42.0,Pass,SecondHalf
Obed Vargas,419580,972,h,58.3,77.5,72,46.0,Pass,SecondHalf
Julián Quiñones,509557,972,h,62.7,88.4,72,47.0,Pass,SecondHalf
Lee Han-Beom,531031,1159,a,36.1,14.0,72,47.0,BlockedPass,SecondHalf
Lee Han-Beom,531031,1159,a,33.2,10.1,72,48.0,Pass,SecondHalf
Yang Hyun-Jun,457093,1159,a,38.3,18.4,72,50.0,Pass,SecondHalf
Orbelín Pineda,228547,972,h,65.2,77.6,72,51.0,Pass,SecondHalf
Érik Lira,447638,972,h,56.3,67.9,72,53.0,Pass,SecondHalf
Johan Vásquez,425115,972,h,51.1,72.0,72,54.0,Pass,SecondHalf
Jesús Gallardo,252248,972,h,56.0,92.5,72,55.0,TakeOn,SecondHalf
Jesús Gallardo,252248,972,h,63.4,91.2,72,56.0,Foul,SecondHalf
Érik Lira,447638,972,h,60.8,93.6,73,29.0,Pass,SecondHalf
Jesús Gallardo,252248,972,h,80.3,94.8,73,34.0,TakeOn,SecondHalf
Hwang In-Beom,371030,1159,a,9.8,20.6,73,37.0,Pass,SecondHalf
Hwang Hee-Chan,262854,1159,a,31.8,52.6,73,40.0,Pass,SecondHalf
Oh Hyeon-Gyu,461463,1159,a,41.8,54.2,73,41.0,TakeOn,SecondHalf
Edson Álvarez,322696,972,h,58.2,45.8,73,41.0,Tackle,SecondHalf
Obed Vargas,419580,972,h,58.3,66.0,73,48.0,Pass,SecondHalf
Edson Álvarez,322696,972,h,44.8,50.4,73,50.0,Pass,SecondHalf
Obed Vargas,419580,972,h,55.1,56.7,73,52.0,Pass,SecondHalf
Johan Vásquez,425115,972,h,40.9,69.3,73,55.0,Pass,SecondHalf
Jesús Gallardo,252248,972,h,43.6,90.5,73,56.0,Pass,SecondHalf
Julián Quiñones,509557,972,h,61.9,96.6,73,58.0,Pass,SecondHalf
Jesús Gallardo,252248,972,h,42.8,92.4,74,1.0,Pass,SecondHalf
Obed Vargas,419580,972,h,42.2,87.4,74,2.0,Pass,SecondHalf
Julián Quiñones,509557,972,h,50.1,93.0,74,3.0,Pass,SecondHalf
Obed Vargas,419580,972,h,74.8,85.0,74,8.0,Pass,SecondHalf
Kim Seung-Gyu,71968,1159,a,3.4,47.9,74,27.0,Pass,SecondHalf
Kim Min-Jae,370912,1159,a,11.1,26.3,74,29.0,Pass,SecondHalf
Johan Vásquez,425115,972,h,58.6,86.2,74,31.0,BallTouch,SecondHalf
Jesús Gallardo,252248,972,h,62.8,89.9,74,31.0,Pass,SecondHalf
Obed Vargas,419580,972,h,66.7,87.4,74,32.0,Pass,SecondHalf
Julián Quiñones,509557,972,h,74.0,81.2,74,37.0,Pass,SecondHalf
Raúl Jiménez,108186,972,h,97.5,40.1,74,40.0,SavedShot,SecondHalf
Kim Seung-Gyu,71968,1159,a,1.4,56.8,74,40.0,Save,SecondHalf
Eom Ji-Sung,458184,1159,a,14.0,91.3,74,45.0,Foul,SecondHalf
Kim Seung-Gyu,71968,1159,a,19.5,87.0,75,14.0,Pass,SecondHalf
Edson Álvarez,322696,972,h,29.5,29.8,75,19.0,BallTouch,SecondHalf
Érik Lira,447638,972,h,33.0,32.4,75,20.0,Pass,SecondHalf
Kim Min-Jae,370912,1159,a,35.9,52.4,75,24.0,Pass,SecondHalf
Lee Gi-Hyuk,447593,1159,a,36.6,74.0,75,26.0,Pass,SecondHalf
Hwang Hee-Chan,262854,1159,a,49.6,85.5,75,29.0,Pass,SecondHalf
Paik Seung-Ho,362786,1159,a,43.6,79.4,75,30.0,Pass,SecondHalf
Lee Gi-Hyuk,447593,1159,a,33.0,81.6,75,33.0,Pass,SecondHalf
Kim Min-Jae,370912,1159,a,26.4,55.8,75,36.0,Pass,SecondHalf
Hwang In-Beom,371030,1159,a,40.5,35.6,75,37.0,OffsidePass,SecondHalf
Raúl Rangel,527319,972,h,18.7,69.9,76,50.0,Pass,SecondHalf
Lee Han-Beom,531031,1159,a,29.7,4.0,76,53.0,Clearance,SecondHalf
Jesús Gallardo,252248,972,h,57.6,100.0,77,10.0,Pass,SecondHalf
Raúl Jiménez,108186,972,h,68.5,88.4,77,12.0,Pass,SecondHalf
Yang Hyun-Jun,457093,1159,a,33.8,9.7,77,14.0,Interception,SecondHalf
Julián Quiñones,509557,972,h,66.7,84.2,77,14.0,Pass,SecondHalf
Hwang In-Beom,371030,1159,a,30.0,23.0,77,15.0,Interception,SecondHalf
Hwang In-Beom,371030,1159,a,30.3,34.6,77,15.0,Pass,SecondHalf
Julián Quiñones,509557,972,h,70.7,67.7,77,15.0,BlockedPass,SecondHalf
Hwang In-Beom,371030,1159,a,27.3,35.6,77,16.0,Pass,SecondHalf
Yang Hyun-Jun,457093,1159,a,25.3,25.6,77,18.0,Pass,SecondHalf
Kim Min-Jae,370912,1159,a,25.2,34.6,77,18.0,Pass,SecondHalf
Hwang In-Beom,371030,1159,a,30.7,28.0,77,19.0,Pass,SecondHalf
Yang Hyun-Jun,457093,1159,a,31.4,17.8,77,20.0,TakeOn,SecondHalf
Jesús Gallardo,252248,972,h,68.6,82.2,77,20.0,Tackle,SecondHalf
Yang Hyun-Jun,457093,1159,a,29.9,16.0,77,21.0,BallTouch,SecondHalf
Jesús Gallardo,252248,972,h,66.8,80.5,77,21.0,Pass,SecondHalf
Julián Quiñones,509557,972,h,72.4,76.3,77,22.0,Pass,SecondHalf
Obed Vargas,419580,972,h,65.2,75.2,77,23.0,Pass,SecondHalf
Yang Hyun-Jun,457093,1159,a,33.8,24.6,77,23.0,BlockedPass,SecondHalf
Obed Vargas,419580,972,h,74.1,85.7,77,25.0,Pass,SecondHalf
Jesús Gallardo,252248,972,h,75.2,94.4,77,26.0,Pass,SecondHalf
Érik Lira,447638,972,h,69.5,92.0,77,28.0,Pass,SecondHalf
Lee Gi-Hyuk,447593,1159,a,23.4,56.0,77,30.0,Pass,SecondHalf
Hwang Hee-Chan,262854,1159,a,31.2,45.6,77,31.0,TakeOn,SecondHalf
Hwang Hee-Chan,262854,1159,a,38.3,62.6,77,33.0,Pass,SecondHalf
Oh Hyeon-Gyu,461463,1159,a,56.2,58.7,77,36.0,Pass,SecondHalf
Hwang Hee-Chan,262854,1159,a,64.4,86.0,77,38.0,Pass,SecondHalf
Oh Hyeon-Gyu,461463,1159,a,81.4,83.0,77,40.0,Pass,SecondHalf
Hwang Hee-Chan,262854,1159,a,72.3,67.5,77,45.0,Pass,SecondHalf
Lee Kang-In,367780,1159,a,73.8,47.9,77,49.0,MissedShots,SecondHalf
Raúl Rangel,527319,972,h,2.4,47.9,78,20.0,Pass,SecondHalf
Raúl Jiménez,108186,972,h,61.5,33.5,78,21.0,BallTouch,SecondHalf
Hwang In-Beom,371030,1159,a,41.6,61.1,78,24.0,Pass,SecondHalf
Kim Min-Jae,370912,1159,a,30.3,62.0,78,26.0,Pass,SecondHalf
Kim Seung-Gyu,71968,1159,a,11.7,46.6,78,34.0,Pass,SecondHalf
Kim Min-Jae,370912,1159,a,13.2,75.8,78,37.0,Pass,SecondHalf
Hwang Hee-Chan,262854,1159,a,25.3,78.8,78,40.0,Pass,SecondHalf
Kim Min-Jae,370912,1159,a,15.5,77.3,78,42.0,Pass,SecondHalf
Lee Gi-Hyuk,447593,1159,a,15.0,93.9,78,44.0,Pass,SecondHalf
Oh Hyeon-Gyu,461463,1159,a,32.5,74.0,78,47.0,Pass,SecondHalf
Jorge Sánchez,447643,972,h,62.3,42.1,78,49.0,Pass,SecondHalf
Julián Quiñones,509557,972,h,66.4,62.6,78,51.0,Pass,SecondHalf
Jorge Sánchez,447643,972,h,62.6,49.4,78,52.0,Pass,SecondHalf
Raúl Rangel,527319,972,h,30.4,73.6,78,58.0,Pass,SecondHalf
Jesús Gallardo,252248,972,h,40.0,93.0,79,1.0,Pass,SecondHalf
Johan Vásquez,425115,972,h,31.3,69.7,79,4.0,Pass,SecondHalf
Edson Álvarez,322696,972,h,26.7,43.3,79,6.0,Pass,SecondHalf
Orbelín Pineda,228547,972,h,37.7,68.5,79,9.0,Pass,SecondHalf
Jesús Gallardo,252248,972,h,31.8,90.9,79,11.0,Pass,SecondHalf
Julián Quiñones,509557,972,h,41.0,92.7,79,13.0,BallTouch,SecondHalf
Lee Han-Beom,531031,1159,a,44.6,0.0,79,57.0,Pass,SecondHalf
Kim Min-Jae,370912,1159,a,37.7,20.8,80,0.0,Pass,SecondHalf
Lee Gi-Hyuk,447593,1159,a,37.5,72.3,80,1.0,Pass,SecondHalf
Hwang Hee-Chan,262854,1159,a,55.2,97.5,80,6.0,Pass,SecondHalf
Lee Gi-Hyuk,447593,1159,a,39.6,73.4,80,8.0,Pass,SecondHalf
Kim Min-Jae,370912,1159,a,32.6,55.1,80,11.0,Pass,SecondHalf
Lee Han-Beom,531031,1159,a,30.4,5.6,80,14.0,Pass,SecondHalf
Yang Hyun-Jun,457093,1159,a,42.5,2.0,80,16.0,Pass,SecondHalf
Érik Lira,447638,972,h,38.9,86.0,80,21.0,Pass,SecondHalf
Julián Quiñones,509557,972,h,52.4,82.8,80,23.0,Dispossessed,SecondHalf
Lee Han-Beom,531031,1159,a,47.6,17.2,80,23.0,Tackle,SecondHalf
Julián Quiñones,509557,972,h,53.1,84.7,80,24.0,BallTouch,SecondHalf
Lee Kang-In,367780,1159,a,52.2,20.3,80,25.0,TakeOn,SecondHalf
Lee Kang-In,367780,1159,a,47.1,22.1,80,27.0,Pass,SecondHalf
Hwang Hee-Chan,262854,1159,a,62.9,45.4,80,28.0,Pass,SecondHalf
Israel Reyes,447634,972,h,26.4,48.1,80,29.0,Clearance,SecondHalf
Santiago Giménez,445061,972,h,38.2,63.6,80,30.0,Pass,SecondHalf
Érik Lira,447638,972,h,35.2,66.0,80,32.0,Pass,SecondHalf
Jesús Gallardo,252248,972,h,29.8,83.0,80,34.0,Pass,SecondHalf
Johan Vásquez,425115,972,h,20.4,67.9,80,36.0,Pass,SecondHalf
Raúl Rangel,527319,972,h,4.4,44.5,80,39.0,Pass,SecondHalf
Israel Reyes,447634,972,h,31.1,8.3,80,44.0,Pass,SecondHalf
Lee Han-Beom,531031,1159,a,20.3,64.5,80,48.0,Pass,SecondHalf
Kim Seung-Gyu,71968,1159,a,12.4,56.4,80,54.0,Pass,SecondHalf
Lee Gi-Hyuk,447593,1159,a,22.1,67.5,80,56.0,Pass,SecondHalf
Kim Min-Jae,370912,1159,a,27.2,49.3,80,59.0,Pass,SecondHalf
Lee Gi-Hyuk,447593,1159,a,32.0,72.8,81,4.0,Pass,SecondHalf
Kim Min-Jae,370912,1159,a,29.4,58.2,81,7.0,Pass,SecondHalf
Lee Gi-Hyuk,447593,1159,a,30.2,78.2,81,9.0,Pass,SecondHalf
Hwang Hee-Chan,262854,1159,a,40.2,67.2,81,12.0,Foul,SecondHalf
Hwang In-Beom,371030,1159,a,46.2,68.7,81,14.0,Pass,SecondHalf
Lee Kang-In,367780,1159,a,39.3,75.8,81,25.0,Pass,SecondHalf
Lee Gi-Hyuk,447593,1159,a,33.7,64.2,81,27.0,Pass,SecondHalf
Kim Min-Jae,370912,1159,a,35.7,43.0,81,32.0,Pass,SecondHalf
Lee Han-Beom,531031,1159,a,37.0,11.0,81,35.0,Pass,SecondHalf
Kim Min-Jae,370912,1159,a,33.1,64.1,81,36.0,Pass,SecondHalf
Lee Kang-In,367780,1159,a,42.5,94.2,81,41.0,Pass,SecondHalf
Lee Gi-Hyuk,447593,1159,a,40.3,92.4,81,44.0,Pass,SecondHalf
Israel Reyes,447634,972,h,33.2,13.2,81,48.0,Pass,SecondHalf
Jorge Sánchez,447643,972,h,39.7,10.9,81,49.0,Pass,SecondHalf
Lee Kang-In,367780,1159,a,57.4,100.0,81,53.0,Pass,SecondHalf
Lee Gi-Hyuk,447593,1159,a,43.4,91.5,81,55.0,Pass,SecondHalf
Lee Kang-In,367780,1159,a,63.2,96.2,81,58.0,Pass,SecondHalf
Edson Álvarez,322696,972,h,21.5,18.0,82,0.0,Clearance,SecondHalf
Lee Kang-In,367780,1159,a,68.2,100.0,82,7.0,Pass,SecondHalf
Hwang In-Beom,371030,1159,a,58.8,74.9,82,10.0,Pass,SecondHalf
Kim Min-Jae,370912,1159,a,53.2,54.5,82,13.0,Pass,SecondHalf
Lee Gi-Hyuk,447593,1159,a,61.7,66.8,82,18.0,Pass,SecondHalf
Kim Min-Jae,370912,1159,a,44.7,42.1,82,21.0,Pass,SecondHalf
Lee Han-Beom,531031,1159,a,38.9,8.8,82,23.0,Pass,SecondHalf
Yang Hyun-Jun,457093,1159,a,52.1,5.2,82,27.0,Pass,SecondHalf
Julián Quiñones,509557,972,h,52.3,95.5,82,27.0,BlockedPass,SecondHalf
Julián Quiñones,509557,972,h,46.0,93.0,82,32.0,Pass,SecondHalf
Orbelín Pineda,228547,972,h,44.7,46.7,82,37.0,Pass,SecondHalf
Edson Álvarez,322696,972,h,32.3,43.3,82,40.0,Pass,SecondHalf
Israel Reyes,447634,972,h,28.5,22.8,82,43.0,Pass,SecondHalf
Edson Álvarez,322696,972,h,24.9,43.9,82,45.0,Pass,SecondHalf
Raúl Rangel,527319,972,h,3.1,49.7,82,49.0,Pass,SecondHalf
Eom Ji-Sung,458184,1159,a,62.9,93.6,82,55.0,Clearance,SecondHalf
Eom Ji-Sung,458184,1159,a,48.2,100.0,83,53.0,Pass,SecondHalf
Lee Gi-Hyuk,447593,1159,a,39.3,92.6,83,56.0,Pass,SecondHalf
Kim Min-Jae,370912,1159,a,35.4,58.5,83,59.0,Pass,SecondHalf
Lee Gi-Hyuk,447593,1159,a,36.7,68.3,84,3.0,Pass,SecondHalf
Hwang In-Beom,371030,1159,a,42.9,55.5,84,6.0,Pass,SecondHalf
Raúl Rangel,527319,972,h,15.2,51.3,84,28.0,Pass,SecondHalf
Santiago Giménez,445061,972,h,61.9,63.0,84,34.0,BallTouch,SecondHalf
Obed Vargas,419580,972,h,59.3,67.2,84,35.0,Pass,SecondHalf
Érik Lira,447638,972,h,48.6,62.7,84,36.0,Pass,SecondHalf
Jesús Gallardo,252248,972,h,47.5,79.3,84,37.0,Pass,SecondHalf
Santiago Giménez,445061,972,h,70.6,59.1,84,42.0,Pass,SecondHalf
Lee Gi-Hyuk,447593,1159,a,19.7,40.6,84,44.0,Clearance,SecondHalf
Orbelín Pineda,228547,972,h,79.6,65.9,84,45.0,BallTouch,SecondHalf
Obed Vargas,419580,972,h,76.6,56.8,84,46.0,SavedShot,SecondHalf
Kim Seung-Gyu,71968,1159,a,2.6,50.3,84,46.0,Save,SecondHalf
Kim Seung-Gyu,71968,1159,a,13.7,51.3,84,53.0,Pass,SecondHalf
Lee Han-Beom,531031,1159,a,17.0,4.4,85,0.0,Pass,SecondHalf
Kim Min-Jae,370912,1159,a,10.0,18.8,85,2.0,Pass,SecondHalf
Santiago Giménez,445061,972,h,89.0,81.2,85,2.0,BlockedPass,SecondHalf
Kim Seung-Gyu,71968,1159,a,5.3,39.4,85,12.0,Pass,SecondHalf
Lee Gi-Hyuk,447593,1159,a,20.1,72.0,85,17.0,Pass,SecondHalf
Lee Kang-In,367780,1159,a,42.4,87.3,85,21.0,Pass,SecondHalf
Jesús Gallardo,252248,972,h,28.5,78.5,85,23.0,Clearance,SecondHalf
Cho Gue-Sung,447605,1159,a,72.9,23.6,85,25.0,TakeOn,SecondHalf
Obed Vargas,419580,972,h,27.1,76.4,85,25.0,Tackle,SecondHalf
César Huerta,498764,972,h,20.9,74.8,85,26.0,BallTouch,SecondHalf
Jesús Gallardo,252248,972,h,22.8,72.6,85,27.0,BallTouch,SecondHalf
César Huerta,498764,972,h,19.8,72.4,85,28.0,TakeOn,SecondHalf
César Huerta,498764,972,h,25.9,66.1,85,30.0,Pass,SecondHalf
Orbelín Pineda,228547,972,h,54.3,67.2,85,37.0,Dispossessed,SecondHalf
Yang Hyun-Jun,457093,1159,a,45.7,32.8,85,37.0,Tackle,SecondHalf
Kim Seung-Gyu,71968,1159,a,16.5,37.7,85,42.0,Pass,SecondHalf
Kim Min-Jae,370912,1159,a,26.8,46.9,85,45.0,Pass,SecondHalf
Hwang In-Beom,371030,1159,a,31.7,31.1,85,48.0,Pass,SecondHalf
Yang Hyun-Jun,457093,1159,a,41.8,8.0,85,50.0,Pass,SecondHalf
Lee Han-Beom,531031,1159,a,29.5,28.4,85,53.0,Pass,SecondHalf
Kim Min-Jae,370912,1159,a,34.9,59.6,85,54.0,Pass,SecondHalf
Hwang Hee-Chan,262854,1159,a,57.1,64.1,86,4.0,Pass,SecondHalf
Eom Ji-Sung,458184,1159,a,60.4,95.0,86,9.0,Pass,SecondHalf
Kim Min-Jae,370912,1159,a,47.5,61.1,86,12.0,Pass,SecondHalf
Hwang In-Beom,371030,1159,a,52.6,65.6,86,14.0,Pass,SecondHalf
Kim Min-Jae,370912,1159,a,51.4,57.8,86,15.0,Pass,SecondHalf
Hwang In-Beom,371030,1159,a,54.8,67.4,86,17.0,Pass,SecondHalf
Lee Kang-In,367780,1159,a,58.6,77.0,86,22.0,Pass,SecondHalf
Hwang In-Beom,371030,1159,a,54.8,69.3,86,24.0,Pass,SecondHalf
Kim Min-Jae,370912,1159,a,46.9,45.5,86,27.0,Pass,SecondHalf
Lee Kang-In,367780,1159,a,60.3,78.2,86,31.0,Pass,SecondHalf
Eom Ji-Sung,458184,1159,a,84.0,84.4,86,37.0,Pass,SecondHalf
Cho Gue-Sung,447605,1159,a,96.1,46.4,86,40.0,SavedShot,SecondHalf
Raúl Rangel,527319,972,h,1.2,52.7,86,40.0,Save,SecondHalf
Yang Hyun-Jun,457093,1159,a,98.0,45.0,86,41.0,SavedShot,SecondHalf
Raúl Rangel,527319,972,h,0.8,52.6,86,41.0,Save,SecondHalf
Raúl Rangel,527319,972,h,12.0,43.6,88,20.0,Pass,SecondHalf
Kim Seung-Gyu,71968,1159,a,14.3,64.8,88,32.0,Pass,SecondHalf
Lee Gi-Hyuk,447593,1159,a,20.9,83.0,88,35.0,Pass,SecondHalf
Kim Seung-Gyu,71968,1159,a,14.8,57.3,88,39.0,Pass,SecondHalf
Kim Min-Jae,370912,1159,a,19.6,31.6,88,40.0,Pass,SecondHalf
Kim Seung-Gyu,71968,1159,a,14.0,49.6,88,45.0,Pass,SecondHalf
Cho Gue-Sung,447605,1159,a,64.9,15.2,88,50.0,BallTouch,SecondHalf
Jesús Gallardo,252248,972,h,39.2,100.0,89,6.0,Pass,SecondHalf
Lee Han-Beom,531031,1159,a,29.7,2.3,89,8.0,BallTouch,SecondHalf
Lee Han-Beom,531031,1159,a,37.9,4.5,89,10.0,Pass,SecondHalf
César Huerta,498764,972,h,62.4,88.9,89,10.0,BallTouch,SecondHalf
Santiago Giménez,445061,972,h,65.0,93.2,89,13.0,Dispossessed,SecondHalf
Yang Hyun-Jun,457093,1159,a,35.0,6.8,89,13.0,Tackle,SecondHalf
Santiago Giménez,445061,972,h,65.8,93.4,89,17.0,Dispossessed,SecondHalf
Lee Han-Beom,531031,1159,a,34.2,6.6,89,17.0,Tackle,SecondHalf
Santiago Giménez,445061,972,h,63.7,90.2,89,18.0,BallTouch,SecondHalf
Lee Han-Beom,531031,1159,a,36.9,0.0,89,33.0,Pass,SecondHalf
Jesús Gallardo,252248,972,h,30.0,90.9,89,35.0,Pass,SecondHalf
Lee Gi-Hyuk,447593,1159,a,46.2,26.9,89,37.0,Pass,SecondHalf
Edson Álvarez,322696,972,h,34.7,74.0,89,41.0,Interception,SecondHalf
Edson Álvarez,322696,972,h,32.3,72.9,89,41.0,TakeOn,SecondHalf
Edson Álvarez,322696,972,h,42.6,89.3,89,46.0,BallTouch,SecondHalf
Oh Hyeon-Gyu,461463,1159,a,57.4,10.7,89,48.0,BallTouch,SecondHalf
Jesús Gallardo,252248,972,h,51.7,100.0,90,6.0,Pass,SecondHalf
Lee Han-Beom,531031,1159,a,31.6,9.2,90,9.0,Pass,SecondHalf
Érik Lira,447638,972,h,62.4,87.4,90,11.0,Pass,SecondHalf
Santiago Giménez,445061,972,h,68.9,85.4,90,12.0,Pass,SecondHalf
Obed Vargas,419580,972,h,65.2,95.9,90,14.0,Pass,SecondHalf
César Huerta,498764,972,h,70.7,92.9,90,16.0,BallTouch,SecondHalf
Obed Vargas,419580,972,h,70.6,89.0,90,17.0,Pass,SecondHalf
Lee Gi-Hyuk,447593,1159,a,12.0,7.3,90,20.0,Pass,SecondHalf
Hwang In-Beom,371030,1159,a,11.6,6.4,90,21.0,Pass,SecondHalf
César Huerta,498764,972,h,86.2,93.0,90,21.0,BlockedPass,SecondHalf
Lee Han-Beom,531031,1159,a,17.9,0.0,90,32.0,Pass,SecondHalf
Jesús Gallardo,252248,972,h,64.3,93.0,90,34.0,Pass,SecondHalf
Kim Seung-Gyu,71968,1159,a,20.1,35.6,90,44.0,Pass,SecondHalf
Edson Álvarez,322696,972,h,25.4,70.5,90,47.0,Clearance,SecondHalf
Yang Hyun-Jun,457093,1159,a,68.3,21.8,90,50.0,Pass,SecondHalf
Hwang Hee-Chan,262854,1159,a,65.6,32.6,90,51.0,Pass,SecondHalf
Lee Kang-In,367780,1159,a,61.4,52.1,90,54.0,Pass,SecondHalf
Eom Ji-Sung,458184,1159,a,90.6,84.1,91,3.0,TakeOn,SecondHalf
Eom Ji-Sung,458184,1159,a,95.6,84.3,91,4.0,Pass,SecondHalf
Israel Reyes,447634,972,h,4.2,18.4,91,4.0,Clearance,SecondHalf
Lee Kang-In,367780,1159,a,99.5,99.5,91,33.0,Pass,SecondHalf
Lee Han-Beom,531031,1159,a,90.5,45.4,91,35.0,MissedShots,SecondHalf
Raúl Rangel,527319,972,h,4.7,58.4,92,2.0,Pass,SecondHalf
Yang Hyun-Jun,457093,1159,a,26.8,0.0,92,16.0,Pass,SecondHalf
Kim Min-Jae,370912,1159,a,22.6,21.4,92,21.0,Pass,SecondHalf
Eom Ji-Sung,458184,1159,a,68.7,66.8,92,31.0,Pass,SecondHalf
Oh Hyeon-Gyu,461463,1159,a,78.9,66.4,92,32.0,TakeOn,SecondHalf
Edson Álvarez,322696,972,h,21.0,33.6,92,32.0,Tackle,SecondHalf
Jorge Sánchez,447643,972,h,25.4,33.0,92,35.0,Pass,SecondHalf
Érik Lira,447638,972,h,29.5,38.5,92,37.0,Pass,SecondHalf
Lee Gi-Hyuk,447593,1159,a,55.3,65.3,92,40.0,BallTouch,SecondHalf
Kim Min-Jae,370912,1159,a,54.8,49.9,92,42.0,Pass,SecondHalf
Hwang Hee-Chan,262854,1159,a,58.4,35.5,92,46.0,Pass,SecondHalf
Yang Hyun-Jun,457093,1159,a,56.5,9.1,92,49.0,Pass,SecondHalf
Lee Han-Beom,531031,1159,a,46.4,43.3,92,52.0,Pass,SecondHalf
Lee Gi-Hyuk,447593,1159,a,58.1,80.0,92,54.0,Pass,SecondHalf
Lee Kang-In,367780,1159,a,73.4,97.1,93,2.0,Pass,SecondHalf
Cho Gue-Sung,447605,1159,a,90.0,55.2,93,5.0,SavedShot,SecondHalf
Johan Vásquez,425115,972,h,7.4,46.2,93,5.0,Save,SecondHalf
Lee Kang-In,367780,1159,a,99.5,99.5,93,49.0,Pass,SecondHalf
Oh Hyeon-Gyu,461463,1159,a,91.2,42.6,93,52.0,MissedShots,SecondHalf
Cho Gue-Sung,447605,1159,a,92.9,43.5,93,53.0,BallTouch,SecondHalf
Johan Vásquez,425115,972,h,5.6,75.0,93,54.0,Clearance,SecondHalf
Yang Hyun-Jun,457093,1159,a,33.6,0.0,94,17.0,Pass,SecondHalf
Hwang In-Beom,371030,1159,a,39.1,10.0,94,18.0,Pass,SecondHalf
Yang Hyun-Jun,457093,1159,a,34.6,7.8,94,21.0,Pass,SecondHalf
Lee Gi-Hyuk,447593,1159,a,24.9,36.8,94,22.0,Pass,SecondHalf
Kim Seung-Gyu,71968,1159,a,22.4,49.9,94,24.0,Pass,SecondHalf
Edson Álvarez,322696,972,h,25.6,56.4,94,28.0,Clearance,SecondHalf
Orbelín Pineda,228547,972,h,39.8,47.2,94,29.0,Dispossessed,SecondHalf
Hwang In-Beom,371030,1159,a,60.2,52.7,94,29.0,Tackle,SecondHalf
Érik Lira,447638,972,h,39.1,44.5,94,31.0,BallTouch,SecondHalf
Lee Kang-In,367780,1159,a,55.0,83.6,94,33.0,Pass,SecondHalf
Kim Min-Jae,370912,1159,a,51.7,71.3,94,35.0,Pass,SecondHalf
Lee Kang-In,367780,1159,a,54.7,90.8,94,36.0,TakeOn,SecondHalf
Lee Kang-In,367780,1159,a,61.7,81.2,94,39.0,Pass,SecondHalf
Edson Álvarez,322696,972,h,11.4,31.2,94,41.0,Clearance,SecondHalf
Kim Min-Jae,370912,1159,a,45.7,83.7,94,45.0,Pass,SecondHalf
Lee Gi-Hyuk,447593,1159,a,43.8,51.9,94,48.0,Pass,SecondHalf
Lee Han-Beom,531031,1159,a,41.4,28.7,94,49.0,Pass,SecondHalf
Lee Gi-Hyuk,447593,1159,a,39.8,46.6,94,51.0,Pass,SecondHalf
Hwang Hee-Chan,262854,1159,a,69.8,65.1,94,54.0,Dispossessed,SecondHalf
Israel Reyes,447634,972,h,30.2,35.0,94,54.0,Tackle,SecondHalf
Hwang Hee-Chan,262854,1159,a,66.3,56.3,94,56.0,Pass,SecondHalf
Jesús Gallardo,252248,972,h,31.0,75.9,94,58.0,Clearance,SecondHalf
Eom Ji-Sung,458184,1159,a,72.4,0.0,95,25.0,Pass,SecondHalf
Jesús Gallardo,252248,972,h,15.7,65.9,95,28.0,Clearance,SecondHalf
Orbelín Pineda,228547,972,h,14.3,61.7,95,30.0,Clearance,SecondHalf
Yang Hyun-Jun,457093,1159,a,64.2,34.4,95,33.0,Pass,SecondHalf
Lee Gi-Hyuk,447593,1159,a,65.4,36.4,95,36.0,Pass,SecondHalf
Raúl Rangel,527319,972,h,13.5,35.6,95,40.0,Punch,SecondHalf
Orbelín Pineda,228547,972,h,37.3,42.2,95,43.0,BallTouch,SecondHalf
Yang Hyun-Jun,457093,1159,a,57.2,46.6,95,44.0,BallTouch,SecondHalf
Hwang Hee-Chan,262854,1159,a,54.2,51.5,95,45.0,BallTouch,SecondHalf
Obed Vargas,419580,972,h,79.3,40.7,95,49.0,TakeOn,SecondHalf
Lee Gi-Hyuk,447593,1159,a,20.6,59.2,95,49.0,Tackle,SecondHalf
